family,group,metric,n_pos,n_neg,auc,ci_lo,ci_hi,perm_p,bh_q,baseline_auc,delta_auc,delta_ci_lo,delta_ci_hi,beats_baseline,small_n,length_only_auc
Pre-registered,1. positives vs real negatives,iptm,17,31,0.6110056925996205,0.4497153700189753,0.7656546489563567,0.20687931206879312,0.2758390827583908,0.7666034155597723,-0.15559772296015184,-0.3159392789373814,0.007590132827324458,False,False,0.6755218216318786
Pre-registered,1. positives vs real negatives,chain_pair_iptm,17,31,0.6110056925996205,0.4497153700189753,0.7656546489563567,0.20687931206879312,0.2758390827583908,0.7666034155597723,-0.15559772296015184,-0.3159392789373814,0.007590132827324458,False,False,0.6755218216318786
Pre-registered,1. positives vs real negatives,ranking_score,17,31,0.5673624288425048,0.3946869070208729,0.7390891840607211,0.4487551244875512,0.5128629994143442,0.7666034155597723,-0.19924098671726753,-0.38709677419354843,-0.009487666034155628,False,False,0.6755218216318786
Pre-registered,1. positives vs real negatives,ptm,17,31,0.47248576850094876,0.3055028462998102,0.6375711574952562,0.7603239676032397,0.7603239676032397,0.7666034155597723,-0.29411764705882354,-0.5142314990512334,-0.05882352941176472,False,False,0.6755218216318786
Pre-registered,1. positives vs real negatives,fraction_disordered,17,31,0.38519924098671726,0.22770398481973433,0.5531309297912713,0.1750824917508249,0.2758390827583908,0.7666034155597723,-0.38140417457305503,-0.6081593927893738,-0.1309297912713473,False,False,0.6755218216318786
Pre-registered,1. positives vs real negatives,chain_pair_pae_min,17,31,0.681214421252372,0.5142314990512334,0.8349146110056926,0.036096390360963904,0.0999900009999,0.7666034155597723,-0.08538899430740032,-0.25237191650853885,0.07969639468690692,False,False,0.6755218216318786
Pre-registered,1. positives vs real negatives,pae_inter_mean,17,31,0.5559772296015181,0.3908918406072106,0.7172675521821632,0.5238476152384761,0.5587707895877079,0.7666034155597723,-0.21062618595825422,-0.3870967741935484,-0.030360531309297945,False,False,0.6755218216318786
Pre-registered,1. positives vs real negatives,pae_inter_p05,17,31,0.6204933586337761,0.45540796963946867,0.7741935483870968,0.17098290170982902,0.2758390827583908,0.7666034155597723,-0.1461100569259962,-0.31878557874762803,0.024667931688804545,False,False,0.6755218216318786
Pre-registered,1. positives vs real negatives,pae_inter_frac_lt10,17,31,0.6166982922201139,0.4686907020872865,0.7666034155597723,0.1321867813218678,0.2758390827583908,0.7666034155597723,-0.14990512333965844,-0.29981024667931694,0.003795066413662229,False,False,0.6755218216318786
Pre-registered,1. positives vs real negatives,pae_inter_frac_lt5,17,31,0.6024667931688804,0.4658444022770398,0.7438330170777988,0.13908609139086092,0.2758390827583908,0.7666034155597723,-0.16413662239089188,-0.3206831119544592,-0.00189753320683117,False,False,0.6755218216318786
Pre-registered,1. positives vs real negatives,contact_prob_sum,17,31,0.786527514231499,0.618595825426945,0.9259962049335864,0.0004999500049995,0.007999200079992,0.7666034155597723,0.01992409867172673,-0.10151802656546483,0.14231499051233398,False,False,0.6755218216318786
Pre-registered,1. positives vs real negatives,contact_prob_density,17,31,0.6053130929791272,0.43738140417457305,0.7618595825426945,0.22827717228277172,0.28095651973264213,0.7666034155597723,-0.16129032258064513,-0.30740037950664134,-0.017077798861480087,False,False,0.6755218216318786
Pre-registered,1. positives vs real negatives,contact_prob_max,17,31,0.6783681214421252,0.5132827324478179,0.8292220113851992,0.0374962503749625,0.0999900009999,0.7666034155597723,-0.08823529411764708,-0.22960151802656537,0.050284629981024676,False,False,0.6755218216318786
Pre-registered,1. positives vs real negatives,n_contacts_p50,17,31,0.6717267552182163,0.523719165085389,0.8159392789373814,0.018098190180981903,0.09652368096523682,0.7666034155597723,-0.09487666034155595,-0.2552182163187856,0.06451612903225812,False,False,0.6755218216318786
Pre-registered,1. positives vs real negatives,contact_participation_ratio,17,31,0.6954459203036053,0.538899430740038,0.8415559772296015,0.027497250274972504,0.0999900009999,0.7666034155597723,-0.07115749525616699,-0.21062618595825422,0.07305502846299805,False,False,0.6755218216318786
Pre-registered,1. positives vs real negatives,plddt_mean,17,31,0.2922201138519924,0.1442125237191651,0.45920303605313095,0.0174982501749825,0.09652368096523682,0.7666034155597723,-0.47438330170777987,-0.7191650853889944,-0.20683111954459205,False,False,0.6755218216318786
Pre-registered,2a. mutual folding vs hard coiled-coil,iptm,4,3,0.4166666666666667,0.0,0.875,0.8601139886011399,1.0,0.25,0.16666666666666669,-0.5,0.875,False,False,0.4166666666666667
Pre-registered,2a. mutual folding vs hard coiled-coil,chain_pair_iptm,4,3,0.4166666666666667,0.0,0.875,0.8601139886011399,1.0,0.25,0.16666666666666669,-0.5,0.875,False,False,0.4166666666666667
Pre-registered,2a. mutual folding vs hard coiled-coil,ranking_score,4,3,0.5416666666666666,0.0,1.0,0.9724027597240276,1.0,0.25,0.29166666666666663,-0.3333333333333333,0.875,False,False,0.4166666666666667
Pre-registered,2a. mutual folding vs hard coiled-coil,ptm,4,3,0.4166666666666667,0.0,0.9166666666666666,0.8545145485451455,1.0,0.25,0.16666666666666669,-0.5,0.75,False,False,0.4166666666666667
Pre-registered,2a. mutual folding vs hard coiled-coil,fraction_disordered,4,3,0.5,0.0,1.0,1.0,1.0,0.25,0.25,-0.41666666666666663,0.8333333333333334,False,False,0.4166666666666667
Pre-registered,2a. mutual folding vs hard coiled-coil,chain_pair_pae_min,4,3,0.625,0.125,1.0,0.6856314368563143,1.0,0.25,0.375,-0.41666666666666663,1.0,False,False,0.4166666666666667
Pre-registered,2a. mutual folding vs hard coiled-coil,pae_inter_mean,4,3,0.5,0.0,1.0,1.0,1.0,0.25,0.25,-0.5,1.0,False,False,0.4166666666666667
Pre-registered,2a. mutual folding vs hard coiled-coil,pae_inter_p05,4,3,0.5833333333333334,0.125,1.0,0.7446255374462554,1.0,0.25,0.33333333333333337,-0.5,1.0,False,False,0.4166666666666667
Pre-registered,2a. mutual folding vs hard coiled-coil,pae_inter_frac_lt10,4,3,0.5833333333333334,0.0,1.0,0.7433256674332567,1.0,0.25,0.33333333333333337,-0.41666666666666663,1.0,False,False,0.4166666666666667
Pre-registered,2a. mutual folding vs hard coiled-coil,pae_inter_frac_lt5,4,3,0.6666666666666666,0.16666666666666666,1.0,0.6316368363163684,1.0,0.25,0.41666666666666663,-0.24999999999999994,1.0,False,False,0.4166666666666667
Pre-registered,2a. mutual folding vs hard coiled-coil,contact_prob_sum,4,3,0.4166666666666667,0.0,0.8333333333333334,0.8557144285571443,1.0,0.25,0.16666666666666669,-0.5,0.8333333333333334,False,False,0.4166666666666667
Pre-registered,2a. mutual folding vs hard coiled-coil,contact_prob_density,4,3,0.75,0.25,1.0,0.39786021397860216,1.0,0.25,0.5,-0.24999999999999994,1.0,False,False,0.4166666666666667
Pre-registered,2a. mutual folding vs hard coiled-coil,contact_prob_max,4,3,0.5,0.125,0.875,1.0,1.0,0.25,0.25,-0.375,0.875,False,False,0.4166666666666667
Pre-registered,2a. mutual folding vs hard coiled-coil,n_contacts_p50,4,3,0.4583333333333333,0.0,0.875,0.9428057194280572,1.0,0.25,0.20833333333333331,-0.5,0.875,False,False,0.4166666666666667
Pre-registered,2a. mutual folding vs hard coiled-coil,contact_participation_ratio,4,3,0.6666666666666666,0.25,1.0,0.6306369363063694,1.0,0.25,0.41666666666666663,-0.25,1.0,False,False,0.4166666666666667
Pre-registered,2a. mutual folding vs hard coiled-coil,plddt_mean,4,3,0.16666666666666666,0.0,0.5,0.22347765223477653,1.0,0.25,-0.08333333333333334,-0.75,0.5,False,False,0.4166666666666667
Pre-registered,2b. fuzzy positives vs real negatives,iptm,17,28,0.6764705882352942,0.5136554621848739,0.8340336134453782,0.0466953304669533,0.0721382407213824,0.7836134453781513,-0.1071428571428571,-0.26050420168067223,0.047268907563025264,False,False,0.6407563025210085
Pre-registered,2b. fuzzy positives vs real negatives,chain_pair_iptm,17,28,0.6764705882352942,0.5136554621848739,0.8340336134453782,0.0466953304669533,0.0721382407213824,0.7836134453781513,-0.1071428571428571,-0.26050420168067223,0.047268907563025264,False,False,0.6407563025210085
Pre-registered,2b. fuzzy positives vs real negatives,ranking_score,17,28,0.6281512605042017,0.44432773109243695,0.7962184873949579,0.15378462153784622,0.18927338035427227,0.7836134453781513,-0.15546218487394958,-0.34663865546218486,0.0357142857142857,False,False,0.6407563025210085
Pre-registered,2b. fuzzy positives vs real negatives,ptm,17,28,0.523109243697479,0.34663865546218486,0.6974789915966386,0.795020497950205,0.795020497950205,0.7836134453781513,-0.26050420168067223,-0.4894957983193277,-0.01995798319327735,False,False,0.6407563025210085
Pre-registered,2b. fuzzy positives vs real negatives,fraction_disordered,17,28,0.40861344537815125,0.24789915966386555,0.5777310924369747,0.29327067293270676,0.31282205112822054,0.7836134453781513,-0.375,-0.6008403361344539,-0.12605042016806722,False,False,0.6407563025210085
Pre-registered,2b. fuzzy positives vs real negatives,chain_pair_pae_min,17,28,0.7521008403361344,0.5861344537815126,0.8991596638655462,0.0027997200279972004,0.014798520147985201,0.7836134453781513,-0.031512605042016806,-0.19957983193277307,0.11974789915966388,False,False,0.6407563025210085
Pre-registered,2b. fuzzy positives vs real negatives,pae_inter_mean,17,28,0.615546218487395,0.44537815126050423,0.7815126050420168,0.19908009199080093,0.2275201051323439,0.7836134453781513,-0.16806722689075626,-0.3445378151260504,0.014705882352941235,False,False,0.6407563025210085
Pre-registered,2b. fuzzy positives vs real negatives,pae_inter_p05,17,28,0.6869747899159664,0.5210084033613446,0.842436974789916,0.0364963503649635,0.0721382407213824,0.7836134453781513,-0.09663865546218486,-0.26890756302521013,0.07352941176470584,False,False,0.6407563025210085
Pre-registered,2b. fuzzy positives vs real negatives,pae_inter_frac_lt10,17,28,0.6827731092436975,0.5336134453781513,0.8287815126050421,0.014698530146985302,0.039196080391960805,0.7836134453781513,-0.10084033613445376,-0.2457983193277311,0.040966386554621814,False,False,0.6407563025210085
Pre-registered,2b. fuzzy positives vs real negatives,pae_inter_frac_lt5,17,28,0.667016806722689,0.532563025210084,0.8046218487394958,0.011198880111988802,0.03583641635836417,0.7836134453781513,-0.11659663865546221,-0.2668067226890757,0.03571428571428581,False,False,0.6407563025210085
Pre-registered,2b. fuzzy positives vs real negatives,contact_prob_sum,17,28,0.7951680672268907,0.625,0.9348739495798319,0.0006999300069993001,0.011198880111988802,0.7836134453781513,0.011554621848739455,-0.11344537815126043,0.12815126050420167,False,False,0.6407563025210085
Pre-registered,2b. fuzzy positives vs real negatives,contact_prob_density,17,28,0.6554621848739496,0.48634453781512604,0.8140756302521008,0.07849215078492151,0.10465620104656202,0.7836134453781513,-0.12815126050420167,-0.27415966386554624,0.01680672268907568,False,False,0.6407563025210085
Pre-registered,2b. fuzzy positives vs real negatives,contact_prob_max,17,28,0.7510504201680672,0.5840336134453782,0.8970588235294118,0.0036996300369963003,0.014798520147985201,0.7836134453781513,-0.03256302521008403,-0.1596638655462186,0.0934873949579832,False,False,0.6407563025210085
Pre-registered,2b. fuzzy positives vs real negatives,n_contacts_p50,17,28,0.7205882352941176,0.5777310924369747,0.8581932773109243,0.0020997900209979003,0.014798520147985201,0.7836134453781513,-0.06302521008403361,-0.2142857142857143,0.08823529411764697,False,False,0.6407563025210085
Pre-registered,2b. fuzzy positives vs real negatives,contact_participation_ratio,17,28,0.6754201680672269,0.5063025210084033,0.8277310924369747,0.049595040495950406,0.0721382407213824,0.7836134453781513,-0.10819327731092432,-0.2573529411764707,0.037815126050420256,False,False,0.6407563025210085
Pre-registered,2b. fuzzy positives vs real negatives,plddt_mean,17,28,0.3235294117647059,0.1638655462184874,0.4957983193277311,0.04739526047395261,0.0721382407213824,0.7836134453781513,-0.46008403361344535,-0.7121848739495797,-0.17226890756302526,False,False,0.6407563025210085
Pre-registered,3. positives vs gold negatives,iptm,17,8,0.11764705882352941,0.0,0.2977941176470588,0.000999900009999,0.0034663200346632,0.6397058823529411,-0.5220588235294117,-0.7352941176470588,-0.29411764705882354,False,False,0.9852941176470589
Pre-registered,3. positives vs gold negatives,chain_pair_iptm,17,8,0.11764705882352941,0.0,0.2977941176470588,0.000999900009999,0.0034663200346632,0.6397058823529411,-0.5220588235294117,-0.7352941176470588,-0.29411764705882354,False,False,0.9852941176470589
Pre-registered,3. positives vs gold negatives,ranking_score,17,8,0.23897058823529413,0.04779411764705882,0.47794117647058826,0.037396260373962605,0.0664822406648224,0.6397058823529411,-0.40073529411764697,-0.6801470588235293,-0.0955882352941177,False,False,0.9852941176470589
Pre-registered,3. positives vs gold negatives,ptm,17,8,0.07352941176470588,0.0,0.20588235294117646,0.00039996000399960006,0.0031996800319968005,0.6397058823529411,-0.5661764705882353,-0.7941176470588235,-0.3088235294117647,False,False,0.9852941176470589
Pre-registered,3. positives vs gold negatives,fraction_disordered,17,8,0.22426470588235295,0.058823529411764705,0.4264705882352941,0.022097790220977902,0.044195580441955803,0.6397058823529411,-0.4154411764705882,-0.6985294117647058,-0.1029411764705882,False,False,0.9852941176470589
Pre-registered,3. positives vs gold negatives,chain_pair_pae_min,17,8,0.3014705882352941,0.11029411764705882,0.5367647058823529,0.11728827117288271,0.1443547952897018,0.6397058823529411,-0.338235294117647,-0.5955882352941178,-0.08088235294117646,False,False,0.9852941176470589
Pre-registered,3. positives vs gold negatives,pae_inter_mean,17,8,0.014705882352941176,0.0,0.0661764705882353,9.999000099990002e-05,0.0015998400159984002,0.6397058823529411,-0.625,-0.8308823529411765,-0.4117647058823529,False,False,0.9852941176470589
Pre-registered,3. positives vs gold negatives,pae_inter_p05,17,8,0.11029411764705882,0.0,0.2647058823529412,0.0012998700129987,0.0034663200346632,0.6397058823529411,-0.5294117647058822,-0.7279411764705883,-0.3088235294117647,False,False,0.9852941176470589
Pre-registered,3. positives vs gold negatives,pae_inter_frac_lt10,17,8,0.2647058823529412,0.04411764705882353,0.5330882352941176,0.05929407059294071,0.08599140085991401,0.6397058823529411,-0.37499999999999994,-0.6470588235294118,-0.09558823529411764,False,False,0.9852941176470589
Pre-registered,3. positives vs gold negatives,pae_inter_frac_lt5,17,8,0.2757352941176471,0.07352941176470588,0.5330882352941176,0.0575942405759424,0.08599140085991401,0.6397058823529411,-0.36397058823529405,-0.6397058823529412,-0.07352941176470595,False,False,0.9852941176470589
Pre-registered,3. positives vs gold negatives,contact_prob_sum,17,8,0.6911764705882353,0.4632352941176471,0.8823529411764706,0.1386861313868613,0.14793187347931874,0.6397058823529411,0.05147058823529416,-0.15441176470588236,0.2573529411764706,False,False,0.9852941176470589
Pre-registered,3. positives vs gold negatives,contact_prob_density,17,8,0.125,0.014705882352941176,0.27941176470588236,0.0018998100189981002,0.0043424229005670865,0.6397058823529411,-0.5147058823529411,-0.7352941176470589,-0.2867647058823529,False,False,0.9852941176470589
Pre-registered,3. positives vs gold negatives,contact_prob_max,17,8,0.2647058823529412,0.0661764705882353,0.5147058823529411,0.0644935506449355,0.08599140085991401,0.6397058823529411,-0.37499999999999994,-0.6397058823529411,-0.11029411764705888,False,False,0.9852941176470589
Pre-registered,3. positives vs gold negatives,n_contacts_p50,17,8,0.4338235294117647,0.20955882352941177,0.6617647058823529,0.6013398660133986,0.6013398660133986,0.6397058823529411,-0.2058823529411764,-0.4926470588235294,0.07352941176470584,False,False,0.9852941176470589
Pre-registered,3. positives vs gold negatives,contact_participation_ratio,17,8,0.6911764705882353,0.4485294117647059,0.9117647058823529,0.13708629137086292,0.14793187347931874,0.6397058823529411,0.05147058823529416,-0.25,0.338235294117647,False,False,0.9852941176470589
Pre-registered,3. positives vs gold negatives,plddt_mean,17,8,0.11764705882352941,0.0,0.29411764705882354,0.0011998800119988001,0.0034663200346632,0.6397058823529411,-0.5220588235294117,-0.7867647058823529,-0.21323529411764705,False,False,0.9852941176470589
Pre-registered,4. positives vs scrambles,iptm,17,8,0.5661764705882353,0.29044117647058826,0.8345588235294118,0.6202379762023797,0.7633698168644674,,,,,,False,0.6838235294117647
Pre-registered,4. positives vs scrambles,chain_pair_iptm,17,8,0.5661764705882353,0.29044117647058826,0.8345588235294118,0.6202379762023797,0.7633698168644674,,,,,,False,0.6838235294117647
Pre-registered,4. positives vs scrambles,ranking_score,17,8,0.6213235294117647,0.33088235294117646,0.8933823529411765,0.35096490350964904,0.7397260273972602,,,,,,False,0.6838235294117647
Pre-registered,4. positives vs scrambles,ptm,17,8,0.5110294117647058,0.25,0.7720588235294118,0.9441055894410559,0.9792020797920208,,,,,,False,0.6838235294117647
Pre-registered,4. positives vs scrambles,fraction_disordered,17,8,0.3088235294117647,0.09926470588235294,0.5367647058823529,0.10878912108789121,0.3705229477052295,,,,,,False,0.6838235294117647
Pre-registered,4. positives vs scrambles,chain_pair_pae_min,17,8,0.7132352941176471,0.49264705882352944,0.9044117647058824,0.0973902609739026,0.3705229477052295,,,,,,False,0.6838235294117647
Pre-registered,4. positives vs scrambles,pae_inter_mean,17,8,0.49264705882352944,0.20588235294117646,0.7794117647058824,0.9792020797920208,0.9792020797920208,,,,,,False,0.6838235294117647
Pre-registered,4. positives vs scrambles,pae_inter_p05,17,8,0.5808823529411765,0.3014705882352941,0.8529411764705882,0.5376462353764624,0.7633698168644674,,,,,,False,0.6838235294117647
Pre-registered,4. positives vs scrambles,pae_inter_frac_lt10,17,8,0.5955882352941176,0.3235294117647059,0.8529411764705882,0.4373562643735626,0.7580041995800421,,,,,,False,0.6838235294117647
Pre-registered,4. positives vs scrambles,pae_inter_frac_lt5,17,8,0.6433823529411765,0.4227941176470588,0.8235294117647058,0.20027997200279973,0.5340799253407993,,,,,,False,0.6838235294117647
Pre-registered,4. positives vs scrambles,contact_prob_sum,17,8,0.7830882352941176,0.5772058823529411,0.9411764705882353,0.021497850214978503,0.34396560343965604,,,,,,False,0.6838235294117647
Pre-registered,4. positives vs scrambles,contact_prob_density,17,8,0.5441176470588235,0.27941176470588236,0.7977941176470589,0.7644235576442355,0.8736269230219834,,,,,,False,0.6838235294117647
Pre-registered,4. positives vs scrambles,contact_prob_max,17,8,0.7279411764705882,0.5147058823529411,0.9044117647058824,0.07179282071792821,0.3705229477052295,,,,,,False,0.6838235294117647
Pre-registered,4. positives vs scrambles,n_contacts_p50,17,8,0.6838235294117647,0.49264705882352944,0.8529411764705882,0.11578842115788421,0.3705229477052295,,,,,,False,0.6838235294117647
Pre-registered,4. positives vs scrambles,contact_participation_ratio,17,8,0.6139705882352942,0.3382352941176471,0.8676470588235294,0.3698630136986301,0.7397260273972602,,,,,,False,0.6838235294117647
Pre-registered,4. positives vs scrambles,plddt_mean,17,8,0.5955882352941176,0.2867647058823529,0.875,0.4737526247375263,0.7580041995800421,,,,,,False,0.6838235294117647
By pair type,Homotypic only,iptm,12,11,0.5643939393939394,0.30303030303030304,0.8257575757575758,0.6081391860813918,0.7271272872712728,0.9015151515151515,-0.33712121212121204,-0.5833333333333333,-0.12121212121212122,False,False,0.7954545454545454
By pair type,Homotypic only,chain_pair_iptm,12,11,0.5643939393939394,0.30303030303030304,0.8257575757575758,0.6081391860813918,0.7271272872712728,0.9015151515151515,-0.33712121212121204,-0.5833333333333333,-0.12121212121212122,False,False,0.7954545454545454
By pair type,Homotypic only,ranking_score,12,11,0.6212121212121212,0.3787878787878788,0.8560606060606061,0.3331666833316668,0.5330666933306669,0.9015151515151515,-0.2803030303030303,-0.5227272727272727,-0.045454545454545525,False,False,0.7954545454545454
By pair type,Homotypic only,ptm,12,11,0.36363636363636365,0.12878787878787878,0.6363636363636364,0.28517148285171484,0.5069715250697153,0.9015151515151515,-0.5378787878787878,-0.7727272727272727,-0.28787878787878785,False,False,0.7954545454545454
By pair type,Homotypic only,fraction_disordered,12,11,0.29545454545454547,0.09090909090909091,0.5151515151515151,0.0770922907709229,0.2055794420557944,0.9015151515151515,-0.606060606060606,-0.8333333333333334,-0.34090909090909094,False,False,0.7954545454545454
By pair type,Homotypic only,chain_pair_pae_min,12,11,0.7954545454545454,0.5833333333333334,0.9545454545454546,0.016198380161983803,0.0663933606639336,0.9015151515151515,-0.10606060606060608,-0.31818181818181823,0.08333333333333326,False,False,0.7954545454545454
By pair type,Homotypic only,pae_inter_mean,12,11,0.4393939393939394,0.1893939393939394,0.7121212121212122,0.6362363763623637,0.7271272872712728,0.9015151515151515,-0.4621212121212121,-0.7045454545454546,-0.21212121212121215,False,False,0.7954545454545454
By pair type,Homotypic only,pae_inter_p05,12,11,0.5909090909090909,0.3409090909090909,0.8333333333333334,0.46225377462253775,0.6723691267236913,0.9015151515151515,-0.31060606060606055,-0.5606060606060606,-0.09090909090909094,False,False,0.7954545454545454
By pair type,Homotypic only,pae_inter_frac_lt10,12,11,0.6818181818181818,0.4393939393939394,0.9090909090909091,0.13808619138086192,0.315625580299113,0.9015151515151515,-0.21969696969696972,-0.46212121212121215,0.0,False,False,0.7954545454545454
By pair type,Homotypic only,pae_inter_frac_lt5,12,11,0.6439393939393939,0.4090909090909091,0.8712121212121212,0.21837816218378162,0.43675632436756323,0.9015151515151515,-0.25757575757575757,-0.49242424242424243,-0.030303030303030276,False,False,0.7954545454545454
By pair type,Homotypic only,contact_prob_sum,12,11,0.9696969696969697,0.8863636363636364,1.0,9.999000099990002e-05,0.0015998400159984002,0.9015151515151515,0.06818181818181823,-0.045454545454545414,0.21969696969696972,False,False,0.7954545454545454
By pair type,Homotypic only,contact_prob_density,12,11,0.5303030303030303,0.2878787878787879,0.7803030303030303,0.8364163583641636,0.8364163583641636,0.9015151515151515,-0.3712121212121212,-0.6287878787878788,-0.12878787878787878,False,False,0.7954545454545454
By pair type,Homotypic only,contact_prob_max,12,11,0.7954545454545454,0.5757575757575758,0.9772727272727273,0.0165983401659834,0.0663933606639336,0.9015151515151515,-0.10606060606060608,-0.303030303030303,0.05303030303030298,False,False,0.7954545454545454
By pair type,Homotypic only,n_contacts_p50,12,11,0.7916666666666666,0.5984848484848485,0.9507575757575758,0.012998700129987,0.0663933606639336,0.9015151515151515,-0.10984848484848486,-0.31060606060606055,0.08333333333333326,False,False,0.7954545454545454
By pair type,Homotypic only,contact_participation_ratio,12,11,0.553030303030303,0.29545454545454547,0.7878787878787878,0.6892310768923108,0.7351798153517982,0.9015151515151515,-0.3484848484848485,-0.6363636363636364,-0.05303030303030298,False,False,0.7954545454545454
By pair type,Homotypic only,plddt_mean,12,11,0.23484848484848486,0.06060606060606061,0.45454545454545453,0.033096690330966905,0.1059094090590941,0.9015151515151515,-0.6666666666666666,-0.9015151515151516,-0.38636363636363635,False,False,0.7954545454545454
By pair type,Heterotypic only,iptm,5,20,0.485,0.235,0.74,0.939006099390061,1.0,0.5,-0.015000000000000013,-0.32,0.29499999999999993,False,False,0.53
By pair type,Heterotypic only,chain_pair_iptm,5,20,0.485,0.235,0.74,0.939006099390061,1.0,0.5,-0.015000000000000013,-0.32,0.29499999999999993,False,False,0.53
By pair type,Heterotypic only,ranking_score,5,20,0.35,0.105,0.635,0.33266673332666735,1.0,0.5,-0.15000000000000002,-0.5,0.21999999999999997,False,False,0.53
By pair type,Heterotypic only,ptm,5,20,0.575,0.25,0.88,0.6275372462753724,1.0,0.5,0.07499999999999996,-0.30000000000000004,0.435,False,False,0.53
By pair type,Heterotypic only,fraction_disordered,5,20,0.55,0.285,0.81,0.7357264273572642,1.0,0.5,0.050000000000000044,-0.26,0.38000000000000006,False,False,0.53
By pair type,Heterotypic only,chain_pair_pae_min,5,20,0.42,0.14,0.72,0.6003399660033997,1.0,0.5,-0.08000000000000002,-0.42000000000000004,0.27999999999999997,False,False,0.53
By pair type,Heterotypic only,pae_inter_mean,5,20,0.45,0.19,0.73,0.7641235876412359,1.0,0.5,-0.04999999999999999,-0.37000000000000005,0.26,False,False,0.53
By pair type,Heterotypic only,pae_inter_p05,5,20,0.46,0.19,0.75,0.8026197380261973,1.0,0.5,-0.03999999999999998,-0.38,0.29000000000000004,False,False,0.53
By pair type,Heterotypic only,pae_inter_frac_lt10,5,20,0.375,0.275,0.475,0.45185481451854814,1.0,0.5,-0.125,-0.34,0.09499999999999997,False,False,0.53
By pair type,Heterotypic only,pae_inter_frac_lt5,5,20,0.425,0.35,0.5,0.587041295870413,1.0,0.5,-0.07500000000000001,-0.2899999999999999,0.14,False,False,0.53
By pair type,Heterotypic only,contact_prob_sum,5,20,0.465,0.24,0.7,0.8287171282871713,1.0,0.5,-0.034999999999999976,-0.29,0.22000000000000003,False,False,0.53
By pair type,Heterotypic only,contact_prob_density,5,20,0.46,0.23,0.71,0.804019598040196,1.0,0.5,-0.03999999999999998,-0.26500000000000007,0.21000000000000002,False,False,0.53
By pair type,Heterotypic only,contact_prob_max,5,20,0.485,0.26,0.725,0.9303069693030697,1.0,0.5,-0.015000000000000013,-0.27,0.25500000000000006,False,False,0.53
By pair type,Heterotypic only,n_contacts_p50,5,20,0.425,0.35,0.5,0.587041295870413,1.0,0.5,-0.07500000000000001,-0.2899999999999999,0.14,False,False,0.53
By pair type,Heterotypic only,contact_participation_ratio,5,20,0.585,0.3,0.85,0.5729427057294271,1.0,0.5,0.08499999999999996,-0.20000000000000007,0.38999999999999996,False,False,0.53
By pair type,Heterotypic only,plddt_mean,5,20,0.5,0.24,0.77,1.0,1.0,0.5,0.0,-0.32000000000000006,0.31999999999999995,False,False,0.53
By negative type,vs noncognate,iptm,17,10,0.7676470588235295,0.5558823529411765,0.9441176470588235,0.0178982101789821,0.029117088291170885,0.7529411764705882,0.014705882352941235,-0.238235294117647,0.2705882352941177,False,False,0.5470588235294118
By negative type,vs noncognate,chain_pair_iptm,17,10,0.7676470588235295,0.5558823529411765,0.9441176470588235,0.0178982101789821,0.029117088291170885,0.7529411764705882,0.014705882352941235,-0.238235294117647,0.2705882352941177,False,False,0.5470588235294118
By negative type,vs noncognate,ranking_score,17,10,0.7058823529411765,0.49117647058823527,0.8941176470588236,0.07679232076792321,0.09451362556052087,0.7529411764705882,-0.04705882352941171,-0.30000000000000004,0.21176470588235297,False,False,0.5470588235294118
By negative type,vs noncognate,ptm,17,10,0.5029411764705882,0.2647058823529412,0.7323529411764705,0.9904009599040096,0.9904009599040096,0.7529411764705882,-0.25,-0.5823529411764705,0.07941176470588229,False,False,0.5470588235294118
By negative type,vs noncognate,fraction_disordered,17,10,0.3411764705882353,0.1411764705882353,0.5529411764705883,0.1618838116188381,0.18501007042152925,0.7529411764705882,-0.4117647058823529,-0.6852941176470588,-0.09999999999999998,False,False,0.5470588235294118
By negative type,vs noncognate,chain_pair_pae_min,17,10,0.8058823529411765,0.6294117647058823,0.9529411764705882,0.006999300069993001,0.0231976802319768,0.7529411764705882,0.05294117647058827,-0.1588235294117647,0.2705882352941177,False,False,0.5470588235294118
By negative type,vs noncognate,pae_inter_mean,17,10,0.7588235294117647,0.5588235294117647,0.9352941176470588,0.027897210278972105,0.0405777604057776,0.7529411764705882,0.00588235294117645,-0.18823529411764706,0.21764705882352942,False,False,0.5470588235294118
By negative type,vs noncognate,pae_inter_p05,17,10,0.788235294117647,0.6,0.9470588235294117,0.0115988401159884,0.02651163455083063,0.7529411764705882,0.03529411764705881,-0.18823529411764706,0.25294117647058834,False,False,0.5470588235294118
By negative type,vs noncognate,pae_inter_frac_lt10,17,10,0.7235294117647059,0.5529411764705883,0.8764705882352941,0.037196280371962806,0.049595040495950406,0.7529411764705882,-0.02941176470588236,-0.238235294117647,0.19117647058823528,False,False,0.5470588235294118
By negative type,vs noncognate,pae_inter_frac_lt5,17,10,0.7352941176470589,0.6176470588235294,0.8529411764705882,0.018198180181981802,0.029117088291170885,0.7529411764705882,-0.01764705882352935,-0.2058823529411764,0.1941176470588235,False,False,0.5470588235294118
By negative type,vs noncognate,contact_prob_sum,17,10,0.8294117647058824,0.6588235294117647,0.9647058823529412,0.0036996300369963003,0.0231976802319768,0.7529411764705882,0.07647058823529418,-0.09999999999999998,0.2617647058823529,False,False,0.5470588235294118
By negative type,vs noncognate,contact_prob_density,17,10,0.8117647058823529,0.6352941176470588,0.9529411764705882,0.006399360063993601,0.0231976802319768,0.7529411764705882,0.05882352941176472,-0.09999999999999998,0.22941176470588232,False,False,0.5470588235294118
By negative type,vs noncognate,contact_prob_max,17,10,0.8382352941176471,0.6676470588235294,0.9676470588235294,0.0030996900309969004,0.0231976802319768,0.7529411764705882,0.08529411764705885,-0.08823529411764708,0.27647058823529413,False,False,0.5470588235294118
By negative type,vs noncognate,n_contacts_p50,17,10,0.7647058823529411,0.6470588235294118,0.8823529411764706,0.0086991300869913,0.0231976802319768,0.7529411764705882,0.0117647058823529,-0.1705882352941177,0.21176470588235297,False,False,0.5470588235294118
By negative type,vs noncognate,contact_participation_ratio,17,10,0.8,0.6088235294117647,0.9470588235294117,0.0084991500849915,0.0231976802319768,0.7529411764705882,0.04705882352941182,-0.1352941176470588,0.24705882352941178,False,False,0.5470588235294118
By negative type,vs noncognate,plddt_mean,17,10,0.36470588235294116,0.16470588235294117,0.5882352941176471,0.25377462253774624,0.27069293070692935,0.7529411764705882,-0.38823529411764707,-0.6647058823529413,-0.07647058823529407,False,False,0.5470588235294118
By negative type,vs cross_kingdom,iptm,17,5,0.8470588235294118,0.6647058823529411,0.9882352941176471,0.017198280171982803,0.039310354678817834,0.8941176470588236,-0.04705882352941182,-0.18823529411764706,0.08823529411764708,False,False,0.4117647058823529
By negative type,vs cross_kingdom,chain_pair_iptm,17,5,0.8470588235294118,0.6647058823529411,0.9882352941176471,0.017198280171982803,0.039310354678817834,0.8941176470588236,-0.04705882352941182,-0.18823529411764706,0.08823529411764708,False,False,0.4117647058823529
By negative type,vs cross_kingdom,ranking_score,17,5,0.6176470588235294,0.3941176470588235,0.8235294117647058,0.45535446455354467,0.45535446455354467,0.8941176470588236,-0.27647058823529413,-0.49411764705882355,-0.05882352941176461,False,False,0.4117647058823529
By negative type,vs cross_kingdom,ptm,17,5,0.6941176470588235,0.4176470588235294,0.9411764705882353,0.20907909209079092,0.22301769823017698,0.8941176470588236,-0.20000000000000007,-0.4764705882352941,0.05294117647058827,False,False,0.4117647058823529
By negative type,vs cross_kingdom,fraction_disordered,17,5,0.7058823529411765,0.5882352941176471,0.8235294117647058,0.1648835116488351,0.18843829902724013,0.8941176470588236,-0.18823529411764706,-0.35882352941176465,0.02352941176470591,False,False,0.4117647058823529
By negative type,vs cross_kingdom,chain_pair_pae_min,17,5,0.8705882352941177,0.7058823529411765,1.0,0.0110988901109889,0.03583641635836417,0.8941176470588236,-0.02352941176470591,-0.18823529411764706,0.12941176470588234,False,False,0.4117647058823529
By negative type,vs cross_kingdom,pae_inter_mean,17,5,0.8235294117647058,0.5529411764705883,1.0,0.029497050294970503,0.05243920052439201,0.8941176470588236,-0.07058823529411773,-0.30588235294117644,0.14117647058823535,False,False,0.4117647058823529
By negative type,vs cross_kingdom,pae_inter_p05,17,5,0.8705882352941177,0.6941176470588235,1.0,0.011198880111988802,0.03583641635836417,0.8941176470588236,-0.02352941176470591,-0.18823529411764706,0.14117647058823535,False,False,0.4117647058823529
By negative type,vs cross_kingdom,pae_inter_frac_lt10,17,5,0.7941176470588235,0.6764705882352942,0.9117647058823529,0.049795020497950204,0.07967203279672033,0.8941176470588236,-0.10000000000000009,-0.23529411764705876,0.03529411764705881,False,False,0.4117647058823529
By negative type,vs cross_kingdom,pae_inter_frac_lt5,17,5,0.7352941176470589,0.6176470588235294,0.8529411764705882,0.11698830116988301,0.143985601439856,0.8941176470588236,-0.1588235294117647,-0.29999999999999993,-0.00588235294117645,False,False,0.4117647058823529
By negative type,vs cross_kingdom,contact_prob_sum,17,5,0.9,0.7411764705882353,1.0,0.004899510048995101,0.03583641635836417,0.8941176470588236,0.00588235294117645,-0.09411764705882353,0.11764705882352944,False,False,0.4117647058823529
By negative type,vs cross_kingdom,contact_prob_density,17,5,0.8235294117647058,0.5647058823529412,1.0,0.026197380261973803,0.052394760523947606,0.8941176470588236,-0.07058823529411773,-0.27647058823529413,0.09999999999999998,False,False,0.4117647058823529
By negative type,vs cross_kingdom,contact_prob_max,17,5,0.9058823529411765,0.7529411764705882,1.0,0.0038996100389961006,0.03583641635836417,0.8941176470588236,0.0117647058823529,-0.08823529411764708,0.12941176470588245,False,False,0.4117647058823529
By negative type,vs cross_kingdom,n_contacts_p50,17,5,0.7647058823529411,0.6470588235294118,0.8823529411764706,0.08249175082491751,0.10998900109989002,0.8941176470588236,-0.12941176470588245,-0.2647058823529411,0.01764705882352935,False,False,0.4117647058823529
By negative type,vs cross_kingdom,contact_participation_ratio,17,5,0.8764705882352941,0.6823529411764706,1.0,0.0093990600939906,0.03583641635836417,0.8941176470588236,-0.01764705882352946,-0.15294117647058825,0.11764705882352944,False,False,0.4117647058823529
By negative type,vs cross_kingdom,plddt_mean,17,5,0.2235294117647059,0.047058823529411764,0.4235294117647059,0.07429257074292571,0.10806192108061921,0.8941176470588236,-0.6705882352941177,-0.8823529411764706,-0.39999999999999997,False,False,0.4117647058823529
By negative type,vs charge_repulsive,iptm,17,2,0.9558823529411765,0.8235294117647058,1.0,,,0.8529411764705882,0.10294117647058831,-0.02941176470588236,0.2941176470588235,False,True,0.9411764705882353
By negative type,vs charge_repulsive,chain_pair_iptm,17,2,0.9558823529411765,0.8235294117647058,1.0,,,0.8529411764705882,0.10294117647058831,-0.02941176470588236,0.2941176470588235,False,True,0.9411764705882353
By negative type,vs charge_repulsive,ranking_score,17,2,0.9411764705882353,0.8235294117647058,1.0,,,0.8529411764705882,0.08823529411764708,-0.08823529411764708,0.2941176470588235,False,True,0.9411764705882353
By negative type,vs charge_repulsive,ptm,17,2,0.8823529411764706,0.7058823529411765,1.0,,,0.8529411764705882,0.02941176470588236,-0.17647058823529416,0.23529411764705888,False,True,0.9411764705882353
By negative type,vs charge_repulsive,fraction_disordered,17,2,0.11764705882352941,0.0,0.29411764705882354,,,0.8529411764705882,-0.7352941176470588,-0.9411764705882353,-0.47058823529411764,False,True,0.9411764705882353
By negative type,vs charge_repulsive,chain_pair_pae_min,17,2,0.8823529411764706,0.7058823529411765,1.0,,,0.8529411764705882,0.02941176470588236,-0.17647058823529416,0.23529411764705888,False,True,0.9411764705882353
By negative type,vs charge_repulsive,pae_inter_mean,17,2,0.7941176470588235,0.5882352941176471,0.9705882352941176,,,0.8529411764705882,-0.05882352941176472,-0.3529411764705882,0.2058823529411764,False,True,0.9411764705882353
By negative type,vs charge_repulsive,pae_inter_p05,17,2,0.8823529411764706,0.7058823529411765,1.0,,,0.8529411764705882,0.02941176470588236,-0.17647058823529416,0.23529411764705888,False,True,0.9411764705882353
By negative type,vs charge_repulsive,pae_inter_frac_lt10,17,2,0.7941176470588235,0.6764705882352942,0.9117647058823529,,,0.8529411764705882,-0.05882352941176472,-0.20588235294117652,0.08823529411764708,False,True,0.9411764705882353
By negative type,vs charge_repulsive,pae_inter_frac_lt5,17,2,0.7352941176470589,0.6176470588235294,0.8529411764705882,,,0.8529411764705882,-0.11764705882352933,-0.2647058823529411,0.05882352941176461,False,True,0.9411764705882353
By negative type,vs charge_repulsive,contact_prob_sum,17,2,0.9705882352941176,0.9117647058823529,1.0,,,0.8529411764705882,0.11764705882352944,-0.02941176470588236,0.2941176470588235,False,True,0.9411764705882353
By negative type,vs charge_repulsive,contact_prob_density,17,2,0.9411764705882353,0.8529411764705882,1.0,,,0.8529411764705882,0.08823529411764708,-0.02941176470588236,0.23529411764705876,False,True,0.9411764705882353
By negative type,vs charge_repulsive,contact_prob_max,17,2,0.9705882352941176,0.9117647058823529,1.0,,,0.8529411764705882,0.11764705882352944,-0.02941176470588236,0.2941176470588235,False,True,0.9411764705882353
By negative type,vs charge_repulsive,n_contacts_p50,17,2,0.7647058823529411,0.6470588235294118,0.8823529411764706,,,0.8529411764705882,-0.08823529411764708,-0.23529411764705888,0.05882352941176472,False,True,0.9411764705882353
By negative type,vs charge_repulsive,contact_participation_ratio,17,2,0.9705882352941176,0.9117647058823529,1.0,,,0.8529411764705882,0.11764705882352944,-0.02941176470588236,0.2941176470588235,False,True,0.9411764705882353
By negative type,vs charge_repulsive,plddt_mean,17,2,0.29411764705882354,0.058823529411764705,0.5882352941176471,,,0.8529411764705882,-0.5588235294117647,-0.8823529411764706,-0.17647058823529405,False,True,0.9411764705882353
By negative type,vs hard_coiledcoil,iptm,17,3,0.0,0.0,0.0,0.0020997900209979003,0.0033596640335966403,0.6078431372549019,-0.6078431372549019,-0.8823529411764706,-0.29411764705882354,False,False,1.0
By negative type,vs hard_coiledcoil,chain_pair_iptm,17,3,0.0,0.0,0.0,0.0020997900209979003,0.0033596640335966403,0.6078431372549019,-0.6078431372549019,-0.8823529411764706,-0.29411764705882354,False,False,1.0
By negative type,vs hard_coiledcoil,ranking_score,17,3,0.0,0.0,0.0,0.0016998300169983002,0.0033596640335966403,0.6078431372549019,-0.6078431372549019,-0.8823529411764706,-0.29411764705882354,False,False,1.0
By negative type,vs hard_coiledcoil,ptm,17,3,0.0,0.0,0.0,0.001999800019998,0.0033596640335966403,0.6078431372549019,-0.6078431372549019,-0.8823529411764706,-0.29411764705882354,False,False,1.0
By negative type,vs hard_coiledcoil,fraction_disordered,17,3,0.16666666666666666,0.0,0.35294117647058826,0.03519648035196481,0.04692864046928641,0.6078431372549019,-0.4411764705882353,-0.8235294117647058,0.0,False,False,1.0
By negative type,vs hard_coiledcoil,chain_pair_pae_min,17,3,0.0196078431372549,0.0,0.11764705882352941,0.0023997600239976003,0.0034905600349056003,0.6078431372549019,-0.588235294117647,-0.8823529411764706,-0.2549019607843137,False,False,1.0
By negative type,vs hard_coiledcoil,pae_inter_mean,17,3,0.0,0.0,0.0,0.0016998300169983002,0.0033596640335966403,0.6078431372549019,-0.6078431372549019,-0.8823529411764706,-0.29411764705882354,False,False,1.0
By negative type,vs hard_coiledcoil,pae_inter_p05,17,3,0.0,0.0,0.0,0.0016998300169983002,0.0033596640335966403,0.6078431372549019,-0.6078431372549019,-0.8823529411764706,-0.29411764705882354,False,False,1.0
By negative type,vs hard_coiledcoil,pae_inter_frac_lt10,17,3,0.0,0.0,0.0,0.000999900009999,0.0033596640335966403,0.6078431372549019,-0.6078431372549019,-0.8823529411764706,-0.29411764705882354,False,False,1.0
By negative type,vs hard_coiledcoil,pae_inter_frac_lt5,17,3,0.0,0.0,0.0,0.000999900009999,0.0033596640335966403,0.6078431372549019,-0.6078431372549019,-0.8823529411764706,-0.29411764705882354,False,False,1.0
By negative type,vs hard_coiledcoil,contact_prob_sum,17,3,0.7058823529411765,0.47058823529411764,0.8823529411764706,0.2816718328167183,0.2816718328167183,0.6078431372549019,0.0980392156862746,-0.17647058823529416,0.37254901960784315,False,False,1.0
By negative type,vs hard_coiledcoil,contact_prob_density,17,3,0.13725490196078433,0.0,0.3333333333333333,0.057394260573942604,0.0655934406559344,0.6078431372549019,-0.4705882352941176,-0.7647058823529411,-0.1568627450980392,False,False,1.0
By negative type,vs hard_coiledcoil,contact_prob_max,17,3,0.0,0.0,0.0,0.0016998300169983002,0.0033596640335966403,0.6078431372549019,-0.6078431372549019,-0.8823529411764706,-0.29411764705882354,False,False,1.0
By negative type,vs hard_coiledcoil,n_contacts_p50,17,3,0.21568627450980393,0.058823529411764705,0.4117647058823529,0.1156884311568843,0.12340099323400992,0.6078431372549019,-0.392156862745098,-0.7647058823529411,0.0,False,False,1.0
By negative type,vs hard_coiledcoil,contact_participation_ratio,17,3,0.8823529411764706,0.7058823529411765,1.0,0.03899610038996101,0.04799520047995201,0.6078431372549019,0.27450980392156865,0.0,0.588235294117647,False,False,1.0
By negative type,vs hard_coiledcoil,plddt_mean,17,3,0.0,0.0,0.0,0.0018998100189981002,0.0033596640335966403,0.6078431372549019,-0.6078431372549019,-0.8823529411764706,-0.29411764705882354,False,False,1.0
By negative type,vs homo_negative,iptm,17,11,0.46524064171123,0.22459893048128343,0.713903743315508,0.7738226177382261,0.8843687059865442,0.7486631016042781,-0.2834224598930481,-0.4946524064171123,-0.09625668449197866,False,False,0.7754010695187166
By negative type,vs homo_negative,chain_pair_iptm,17,11,0.46524064171123,0.22459893048128343,0.713903743315508,0.7738226177382261,0.8843687059865442,0.7486631016042781,-0.2834224598930481,-0.4946524064171123,-0.09625668449197866,False,False,0.7754010695187166
By negative type,vs homo_negative,ranking_score,17,11,0.5053475935828877,0.2914438502673797,0.7272727272727273,0.973002699730027,0.973002699730027,0.7486631016042781,-0.24331550802139035,-0.48128342245989303,0.0,False,False,0.7754010695187166
By negative type,vs homo_negative,ptm,17,11,0.3983957219251337,0.17647058823529413,0.6363636363636364,0.3725627437256274,0.7451254874512548,0.7486631016042781,-0.3502673796791444,-0.606951871657754,-0.0802139037433155,False,False,0.7754010695187166
By negative type,vs homo_negative,fraction_disordered,17,11,0.3877005347593583,0.18716577540106952,0.5909090909090909,0.3047695230476952,0.7451254874512548,0.7486631016042781,-0.3609625668449198,-0.6229946524064172,-0.0802139037433155,False,False,0.7754010695187166
By negative type,vs homo_negative,chain_pair_pae_min,17,11,0.6256684491978609,0.40641711229946526,0.8235294117647058,0.28757124287571245,0.7451254874512548,0.7486631016042781,-0.12299465240641716,-0.32085561497326204,0.05882352941176472,False,False,0.7754010695187166
By negative type,vs homo_negative,pae_inter_mean,17,11,0.3582887700534759,0.1443850267379679,0.5989304812834224,0.2268773122687731,0.7451254874512548,0.7486631016042781,-0.39037433155080214,-0.6096256684491979,-0.15508021390374338,False,False,0.7754010695187166
By negative type,vs homo_negative,pae_inter_p05,17,11,0.47593582887700536,0.25133689839572193,0.7112299465240641,0.8526147385261473,0.9094557210945572,0.7486631016042781,-0.2727272727272727,-0.4866310160427807,-0.05882352941176472,False,False,0.7754010695187166
By negative type,vs homo_negative,pae_inter_frac_lt10,17,11,0.5748663101604278,0.3502673796791444,0.7834224598930482,0.49395060493950604,0.7903209679032097,0.7486631016042781,-0.1737967914438503,-0.3689839572192513,0.010695187165775333,False,False,0.7754010695187166
By negative type,vs homo_negative,pae_inter_frac_lt5,17,11,0.5614973262032086,0.35294117647058826,0.7566844919786097,0.5622437756224378,0.801919808019198,0.7486631016042781,-0.1871657754010695,-0.3850267379679145,0.005347593582887722,False,False,0.7754010695187166
By negative type,vs homo_negative,contact_prob_sum,17,11,0.6844919786096256,0.46524064171123,0.8823529411764706,0.11138886111388861,0.7451254874512548,0.7486631016042781,-0.06417112299465244,-0.2406417112299465,0.11229946524064172,False,False,0.7754010695187166
By negative type,vs homo_negative,contact_prob_density,17,11,0.3850267379679144,0.18181818181818182,0.6149732620320856,0.3267673232676732,0.7451254874512548,0.7486631016042781,-0.36363636363636365,-0.5668449197860963,-0.15508021390374332,False,False,0.7754010695187166
By negative type,vs homo_negative,contact_prob_max,17,11,0.5614973262032086,0.3422459893048128,0.786096256684492,0.6014398560143985,0.801919808019198,0.7486631016042781,-0.1871657754010695,-0.37433155080213903,0.005347593582887722,False,False,0.7754010695187166
By negative type,vs homo_negative,n_contacts_p50,17,11,0.6524064171122995,0.4679144385026738,0.8235294117647058,0.1513848615138486,0.7451254874512548,0.7486631016042781,-0.09625668449197855,-0.2887700534759359,0.09625668449197866,False,False,0.7754010695187166
By negative type,vs homo_negative,contact_participation_ratio,17,11,0.41711229946524064,0.20855614973262032,0.6417112299465241,0.48925107489251074,0.7903209679032097,0.7486631016042781,-0.3315508021390374,-0.5614973262032086,-0.09090909090909083,False,False,0.7754010695187166
By negative type,vs homo_negative,plddt_mean,17,11,0.33689839572192515,0.13903743315508021,0.5561497326203209,0.1635836416358364,0.7451254874512548,0.7486631016042781,-0.4117647058823529,-0.7112299465240641,-0.06417112299465239,False,False,0.7754010695187166
By negative type,vs scramble,iptm,17,8,0.5661764705882353,0.29044117647058826,0.8345588235294118,0.6202379762023797,0.7633698168644674,,,,,,False,0.6838235294117647
By negative type,vs scramble,chain_pair_iptm,17,8,0.5661764705882353,0.29044117647058826,0.8345588235294118,0.6202379762023797,0.7633698168644674,,,,,,False,0.6838235294117647
By negative type,vs scramble,ranking_score,17,8,0.6213235294117647,0.33088235294117646,0.8933823529411765,0.35096490350964904,0.7397260273972602,,,,,,False,0.6838235294117647
By negative type,vs scramble,ptm,17,8,0.5110294117647058,0.25,0.7720588235294118,0.9441055894410559,0.9792020797920208,,,,,,False,0.6838235294117647
By negative type,vs scramble,fraction_disordered,17,8,0.3088235294117647,0.09926470588235294,0.5367647058823529,0.10878912108789121,0.3705229477052295,,,,,,False,0.6838235294117647
By negative type,vs scramble,chain_pair_pae_min,17,8,0.7132352941176471,0.49264705882352944,0.9044117647058824,0.0973902609739026,0.3705229477052295,,,,,,False,0.6838235294117647
By negative type,vs scramble,pae_inter_mean,17,8,0.49264705882352944,0.20588235294117646,0.7794117647058824,0.9792020797920208,0.9792020797920208,,,,,,False,0.6838235294117647
By negative type,vs scramble,pae_inter_p05,17,8,0.5808823529411765,0.3014705882352941,0.8529411764705882,0.5376462353764624,0.7633698168644674,,,,,,False,0.6838235294117647
By negative type,vs scramble,pae_inter_frac_lt10,17,8,0.5955882352941176,0.3235294117647059,0.8529411764705882,0.4373562643735626,0.7580041995800421,,,,,,False,0.6838235294117647
By negative type,vs scramble,pae_inter_frac_lt5,17,8,0.6433823529411765,0.4227941176470588,0.8235294117647058,0.20027997200279973,0.5340799253407993,,,,,,False,0.6838235294117647
By negative type,vs scramble,contact_prob_sum,17,8,0.7830882352941176,0.5772058823529411,0.9411764705882353,0.021497850214978503,0.34396560343965604,,,,,,False,0.6838235294117647
By negative type,vs scramble,contact_prob_density,17,8,0.5441176470588235,0.27941176470588236,0.7977941176470589,0.7644235576442355,0.8736269230219834,,,,,,False,0.6838235294117647
By negative type,vs scramble,contact_prob_max,17,8,0.7279411764705882,0.5147058823529411,0.9044117647058824,0.07179282071792821,0.3705229477052295,,,,,,False,0.6838235294117647
By negative type,vs scramble,n_contacts_p50,17,8,0.6838235294117647,0.49264705882352944,0.8529411764705882,0.11578842115788421,0.3705229477052295,,,,,,False,0.6838235294117647
By negative type,vs scramble,contact_participation_ratio,17,8,0.6139705882352942,0.3382352941176471,0.8676470588235294,0.3698630136986301,0.7397260273972602,,,,,,False,0.6838235294117647
By negative type,vs scramble,plddt_mean,17,8,0.5955882352941176,0.2867647058823529,0.875,0.4737526247375263,0.7580041995800421,,,,,,False,0.6838235294117647
By negative evidence,vs demonstrated,iptm,17,5,0.18823529411764706,0.0,0.4470588235294118,0.0336966303369663,0.07702086934163725,0.6705882352941176,-0.48235294117647054,-0.7411764705882353,-0.21176470588235297,False,False,0.9764705882352941
By negative evidence,vs demonstrated,chain_pair_iptm,17,5,0.18823529411764706,0.0,0.4470588235294118,0.0336966303369663,0.07702086934163725,0.6705882352941176,-0.48235294117647054,-0.7411764705882353,-0.21176470588235297,False,False,0.9764705882352941
By negative evidence,vs demonstrated,ranking_score,17,5,0.2411764705882353,0.0,0.5588235294117647,0.08359164083591641,0.14860736148607362,0.6705882352941176,-0.42941176470588227,-0.7411764705882352,-0.08235294117647063,False,False,0.9764705882352941
By negative evidence,vs demonstrated,ptm,17,5,0.11764705882352941,0.0,0.3058823529411765,0.007599240075992401,0.058127520581275204,0.6705882352941176,-0.5529411764705882,-0.8117647058823529,-0.25882352941176473,False,False,0.9764705882352941
By negative evidence,vs demonstrated,fraction_disordered,17,5,0.22941176470588234,0.058823529411764705,0.4470588235294118,0.0575942405759424,0.1151884811518848,0.6705882352941176,-0.4411764705882353,-0.7411764705882353,-0.10588235294117643,False,False,0.9764705882352941
By negative evidence,vs demonstrated,chain_pair_pae_min,17,5,0.24705882352941178,0.0,0.5294117647058824,0.0983901609839016,0.15742425757424255,0.6705882352941176,-0.4235294117647058,-0.7058823529411765,-0.1294117647058824,False,False,0.9764705882352941
By negative evidence,vs demonstrated,pae_inter_mean,17,5,0.023529411764705882,0.0,0.10588235294117647,9.999000099990002e-05,0.0015998400159984002,0.6705882352941176,-0.6470588235294117,-0.8823529411764706,-0.39999999999999997,False,False,0.9764705882352941
By negative evidence,vs demonstrated,pae_inter_p05,17,5,0.1411764705882353,0.0,0.35294117647058826,0.0108989101089891,0.058127520581275204,0.6705882352941176,-0.5294117647058822,-0.7647058823529411,-0.2823529411764706,False,False,0.9764705882352941
By negative evidence,vs demonstrated,pae_inter_frac_lt10,17,5,0.3176470588235294,0.0,0.6823529411764706,0.23197680231976803,0.2855099105474068,0.6705882352941176,-0.3529411764705882,-0.6941176470588235,-0.005882352941176505,False,False,0.9764705882352941
By negative evidence,vs demonstrated,pae_inter_frac_lt5,17,5,0.29411764705882354,0.0,0.6352941176470588,0.15978402159784022,0.21304536213045364,0.6705882352941176,-0.37647058823529406,-0.7058823529411764,-0.04705882352941171,False,False,0.9764705882352941
By negative evidence,vs demonstrated,contact_prob_sum,17,5,0.6823529411764706,0.4588235294117647,0.8823529411764706,0.251974802519748,0.287971202879712,0.6705882352941176,0.01176470588235301,-0.22352941176470587,0.2588235294117647,False,False,0.9764705882352941
By negative evidence,vs demonstrated,contact_prob_density,17,5,0.16470588235294117,0.011764705882352941,0.36470588235294116,0.022997700229977002,0.07702086934163725,0.6705882352941176,-0.5058823529411764,-0.7764705882352941,-0.22352941176470587,False,False,0.9764705882352941
By negative evidence,vs demonstrated,contact_prob_max,17,5,0.27058823529411763,0.0,0.611764705882353,0.12788721127887212,0.18601776186017763,0.6705882352941176,-0.39999999999999997,-0.7058823529411765,-0.09411764705882353,False,False,0.9764705882352941
By negative evidence,vs demonstrated,n_contacts_p50,17,5,0.43529411764705883,0.15294117647058825,0.7058823529411765,0.684031596840316,0.684031596840316,0.6705882352941176,-0.23529411764705876,-0.5647058823529412,0.07647058823529412,False,False,0.9764705882352941
By negative evidence,vs demonstrated,contact_participation_ratio,17,5,0.6352941176470588,0.3058823529411765,0.9411764705882353,0.40235976402359763,0.4291837482918375,0.6705882352941176,-0.03529411764705881,-0.411764705882353,0.3529411764705882,False,False,0.9764705882352941
By negative evidence,vs demonstrated,plddt_mean,17,5,0.16470588235294117,0.0,0.4235294117647059,0.027097290270972903,0.07702086934163725,0.6705882352941176,-0.5058823529411764,-0.8117647058823529,-0.1411764705882353,False,False,0.9764705882352941
By negative evidence,vs demonstrated+matched_internal,iptm,17,3,0.0,0.0,0.0,0.0020997900209979003,0.008399160083991601,0.5882352941176471,-0.5882352941176471,-0.8235294117647058,-0.3333333333333333,False,False,1.0
By negative evidence,vs demonstrated+matched_internal,chain_pair_iptm,17,3,0.0,0.0,0.0,0.0020997900209979003,0.008399160083991601,0.5882352941176471,-0.5882352941176471,-0.8235294117647058,-0.3333333333333333,False,False,1.0
By negative evidence,vs demonstrated+matched_internal,ranking_score,17,3,0.23529411764705882,0.0,0.5490196078431373,0.1558844115588441,0.23953968239539683,0.5882352941176471,-0.35294117647058826,-0.7647058823529411,0.11764705882352944,False,False,1.0
By negative evidence,vs demonstrated+matched_internal,ptm,17,3,0.0,0.0,0.0,0.001999800019998,0.008399160083991601,0.5882352941176471,-0.5882352941176471,-0.8235294117647058,-0.3333333333333333,False,False,1.0
By negative evidence,vs demonstrated+matched_internal,fraction_disordered,17,3,0.21568627450980393,0.0392156862745098,0.43137254901960786,0.16468353164683533,0.23953968239539683,0.5882352941176471,-0.37254901960784315,-0.6862745098039216,-0.03921568627450983,False,False,1.0
By negative evidence,vs demonstrated+matched_internal,chain_pair_pae_min,17,3,0.39215686274509803,0.13725490196078433,0.6470588235294118,0.5820417958204179,0.6208445822084457,0.5882352941176471,-0.19607843137254904,-0.4901960784313725,0.0784313725490196,False,False,1.0
By negative evidence,vs demonstrated+matched_internal,pae_inter_mean,17,3,0.0,0.0,0.0,0.0016998300169983002,0.008399160083991601,0.5882352941176471,-0.5882352941176471,-0.8235294117647058,-0.3333333333333333,False,False,1.0
By negative evidence,vs demonstrated+matched_internal,pae_inter_p05,17,3,0.058823529411764705,0.0,0.23529411764705882,0.013798620137986202,0.03153970317253989,0.5882352941176471,-0.5294117647058824,-0.7647058823529412,-0.27450980392156865,False,False,1.0
By negative evidence,vs demonstrated+matched_internal,pae_inter_frac_lt10,17,3,0.17647058823529413,0.0,0.5098039215686274,0.0771922807719228,0.1543845615438456,0.5882352941176471,-0.4117647058823529,-0.7058823529411765,-0.11764705882352944,False,False,1.0
By negative evidence,vs demonstrated+matched_internal,pae_inter_frac_lt5,17,3,0.24509803921568626,0.0,0.7058823529411765,0.18298170182981702,0.24397560243975602,0.5882352941176471,-0.3431372549019608,-0.7058823529411765,0.039215686274509776,False,False,1.0
By negative evidence,vs demonstrated+matched_internal,contact_prob_sum,17,3,0.7058823529411765,0.47058823529411764,0.8823529411764706,0.2813718628137186,0.32156784321567844,0.5882352941176471,0.11764705882352944,-0.11764705882352933,0.3529411764705882,False,False,1.0
By negative evidence,vs demonstrated+matched_internal,contact_prob_density,17,3,0.058823529411764705,0.0,0.19607843137254902,0.0110988901109889,0.029597040295970403,0.5882352941176471,-0.5294117647058824,-0.803921568627451,-0.23529411764705885,False,False,1.0
By negative evidence,vs demonstrated+matched_internal,contact_prob_max,17,3,0.2549019607843137,0.0,0.5882352941176471,0.21647835216478353,0.26643489497204126,0.5882352941176471,-0.33333333333333337,-0.7058823529411765,0.05882352941176466,False,False,1.0
By negative evidence,vs demonstrated+matched_internal,n_contacts_p50,17,3,0.43137254901960786,0.17647058823529413,0.7058823529411765,0.7483251674832517,0.7483251674832517,0.5882352941176471,-0.1568627450980392,-0.5294117647058824,0.196078431372549,False,False,1.0
By negative evidence,vs demonstrated+matched_internal,contact_participation_ratio,17,3,0.7843137254901961,0.5686274509803921,0.9607843137254902,0.1424857514248575,0.23953968239539683,0.5882352941176471,0.196078431372549,-0.039215686274509776,0.47058823529411764,False,False,1.0
By negative evidence,vs demonstrated+matched_internal,plddt_mean,17,3,0.0392156862745098,0.0,0.1568627450980392,0.006299370062993701,0.020157984201579843,0.5882352941176471,-0.5490196078431373,-0.8235294117647058,-0.23529411764705882,False,False,1.0
By negative evidence,vs gold (both demonstrated grades),iptm,17,8,0.11764705882352941,0.0,0.2977941176470588,0.000999900009999,0.0034663200346632,0.6397058823529411,-0.5220588235294117,-0.7352941176470588,-0.29411764705882354,False,False,0.9852941176470589
By negative evidence,vs gold (both demonstrated grades),chain_pair_iptm,17,8,0.11764705882352941,0.0,0.2977941176470588,0.000999900009999,0.0034663200346632,0.6397058823529411,-0.5220588235294117,-0.7352941176470588,-0.29411764705882354,False,False,0.9852941176470589
By negative evidence,vs gold (both demonstrated grades),ranking_score,17,8,0.23897058823529413,0.04779411764705882,0.47794117647058826,0.037396260373962605,0.0664822406648224,0.6397058823529411,-0.40073529411764697,-0.6801470588235293,-0.0955882352941177,False,False,0.9852941176470589
By negative evidence,vs gold (both demonstrated grades),ptm,17,8,0.07352941176470588,0.0,0.20588235294117646,0.00039996000399960006,0.0031996800319968005,0.6397058823529411,-0.5661764705882353,-0.7941176470588235,-0.3088235294117647,False,False,0.9852941176470589
By negative evidence,vs gold (both demonstrated grades),fraction_disordered,17,8,0.22426470588235295,0.058823529411764705,0.4264705882352941,0.022097790220977902,0.044195580441955803,0.6397058823529411,-0.4154411764705882,-0.6985294117647058,-0.1029411764705882,False,False,0.9852941176470589
By negative evidence,vs gold (both demonstrated grades),chain_pair_pae_min,17,8,0.3014705882352941,0.11029411764705882,0.5367647058823529,0.11728827117288271,0.1443547952897018,0.6397058823529411,-0.338235294117647,-0.5955882352941178,-0.08088235294117646,False,False,0.9852941176470589
By negative evidence,vs gold (both demonstrated grades),pae_inter_mean,17,8,0.014705882352941176,0.0,0.0661764705882353,9.999000099990002e-05,0.0015998400159984002,0.6397058823529411,-0.625,-0.8308823529411765,-0.4117647058823529,False,False,0.9852941176470589
By negative evidence,vs gold (both demonstrated grades),pae_inter_p05,17,8,0.11029411764705882,0.0,0.2647058823529412,0.0012998700129987,0.0034663200346632,0.6397058823529411,-0.5294117647058822,-0.7279411764705883,-0.3088235294117647,False,False,0.9852941176470589
By negative evidence,vs gold (both demonstrated grades),pae_inter_frac_lt10,17,8,0.2647058823529412,0.04411764705882353,0.5330882352941176,0.05929407059294071,0.08599140085991401,0.6397058823529411,-0.37499999999999994,-0.6470588235294118,-0.09558823529411764,False,False,0.9852941176470589
By negative evidence,vs gold (both demonstrated grades),pae_inter_frac_lt5,17,8,0.2757352941176471,0.07352941176470588,0.5330882352941176,0.0575942405759424,0.08599140085991401,0.6397058823529411,-0.36397058823529405,-0.6397058823529412,-0.07352941176470595,False,False,0.9852941176470589
By negative evidence,vs gold (both demonstrated grades),contact_prob_sum,17,8,0.6911764705882353,0.4632352941176471,0.8823529411764706,0.1386861313868613,0.14793187347931874,0.6397058823529411,0.05147058823529416,-0.15441176470588236,0.2573529411764706,False,False,0.9852941176470589
By negative evidence,vs gold (both demonstrated grades),contact_prob_density,17,8,0.125,0.014705882352941176,0.27941176470588236,0.0018998100189981002,0.0043424229005670865,0.6397058823529411,-0.5147058823529411,-0.7352941176470589,-0.2867647058823529,False,False,0.9852941176470589
By negative evidence,vs gold (both demonstrated grades),contact_prob_max,17,8,0.2647058823529412,0.0661764705882353,0.5147058823529411,0.0644935506449355,0.08599140085991401,0.6397058823529411,-0.37499999999999994,-0.6397058823529411,-0.11029411764705888,False,False,0.9852941176470589
By negative evidence,vs gold (both demonstrated grades),n_contacts_p50,17,8,0.4338235294117647,0.20955882352941177,0.6617647058823529,0.6013398660133986,0.6013398660133986,0.6397058823529411,-0.2058823529411764,-0.4926470588235294,0.07352941176470584,False,False,0.9852941176470589
By negative evidence,vs gold (both demonstrated grades),contact_participation_ratio,17,8,0.6911764705882353,0.4485294117647059,0.9117647058823529,0.13708629137086292,0.14793187347931874,0.6397058823529411,0.05147058823529416,-0.25,0.338235294117647,False,False,0.9852941176470589
By negative evidence,vs gold (both demonstrated grades),plddt_mean,17,8,0.11764705882352941,0.0,0.29411764705882354,0.0011998800119988001,0.0034663200346632,0.6397058823529411,-0.5220588235294117,-0.7867647058823529,-0.21323529411764705,False,False,0.9852941176470589
By negative evidence,vs inferred,iptm,17,11,0.8048128342245989,0.5935828877005348,0.9759358288770054,0.005699430056994301,0.018238176182381764,0.8716577540106952,-0.0668449197860963,-0.21657754010695185,0.07486631016042788,False,False,0.6470588235294118
By negative evidence,vs inferred,chain_pair_iptm,17,11,0.8048128342245989,0.5935828877005348,0.9759358288770054,0.005699430056994301,0.018238176182381764,0.8716577540106952,-0.0668449197860963,-0.21657754010695185,0.07486631016042788,False,False,0.6470588235294118
By negative evidence,vs inferred,ranking_score,17,11,0.6524064171122995,0.4385026737967914,0.8502673796791443,0.1832816718328167,0.19550044995500448,0.8716577540106952,-0.2192513368983957,-0.43582887700534756,-0.02406417112299475,False,False,0.6470588235294118
By negative evidence,vs inferred,ptm,17,11,0.7272727272727273,0.5106951871657754,0.9197860962566845,0.044795520447955206,0.06719328067193281,0.8716577540106952,-0.14438502673796794,-0.36898395721925126,0.07219251336898402,False,False,0.6470588235294118
By negative evidence,vs inferred,fraction_disordered,17,11,0.5320855614973262,0.33689839572192515,0.713903743315508,0.7686231376862314,0.7686231376862314,0.8716577540106952,-0.339572192513369,-0.5668449197860962,-0.10160427807486638,False,False,0.6470588235294118
By negative evidence,vs inferred,chain_pair_pae_min,17,11,0.8128342245989305,0.6310160427807486,0.9679144385026738,0.0044995500449955,0.018238176182381764,0.8716577540106952,-0.05882352941176472,-0.22994652406417115,0.09625668449197866,False,False,0.6470588235294118
By negative evidence,vs inferred,pae_inter_mean,17,11,0.7112299465240641,0.5026737967914439,0.893048128342246,0.0627937206279372,0.0837249608372496,0.8716577540106952,-0.1604278074866311,-0.3529411764705882,0.021390374331550777,False,False,0.6470588235294118
By negative evidence,vs inferred,pae_inter_p05,17,11,0.7914438502673797,0.6096256684491979,0.946524064171123,0.008599140085991401,0.022931040229310404,0.8716577540106952,-0.0802139037433155,-0.25133689839572193,0.0802139037433155,False,False,0.6470588235294118
By negative evidence,vs inferred,pae_inter_frac_lt10,17,11,0.7433155080213903,0.5882352941176471,0.8823529411764706,0.0173982601739826,0.0347965203479652,0.8716577540106952,-0.12834224598930488,-0.2620320855614974,-0.002673796791443861,False,False,0.6470588235294118
By negative evidence,vs inferred,pae_inter_frac_lt5,17,11,0.6951871657754011,0.5401069518716578,0.8235294117647058,0.0461953804619538,0.06719328067193281,0.8716577540106952,-0.17647058823529416,-0.32085561497326204,-0.03743315508021394,False,False,0.6470588235294118
By negative evidence,vs inferred,contact_prob_sum,17,11,0.8315508021390374,0.6631016042780749,0.9572192513368984,0.0026997300269973002,0.018238176182381764,0.8716577540106952,-0.0401069518716578,-0.17112299465240643,0.0802139037433155,False,False,0.6470588235294118
By negative evidence,vs inferred,contact_prob_density,17,11,0.7379679144385026,0.5347593582887701,0.9037433155080213,0.032596740325967405,0.057949760579497606,0.8716577540106952,-0.1336898395721926,-0.3128342245989305,0.016042780748663166,False,False,0.6470588235294118
By negative evidence,vs inferred,contact_prob_max,17,11,0.8288770053475936,0.660427807486631,0.9545454545454546,0.0027997200279972004,0.018238176182381764,0.8716577540106952,-0.042780748663101664,-0.17647058823529405,0.0802139037433155,False,False,0.6470588235294118
By negative evidence,vs inferred,n_contacts_p50,17,11,0.7433155080213903,0.5989304812834224,0.8716577540106952,0.0117988201179882,0.026968731698258745,0.8716577540106952,-0.12834224598930488,-0.267379679144385,0.005347593582887722,False,False,0.6470588235294118
By negative evidence,vs inferred,contact_participation_ratio,17,11,0.7032085561497327,0.47593582887700536,0.8983957219251337,0.0704929507049295,0.08676055471375939,0.8716577540106952,-0.16844919786096257,-0.3582887700534759,0.013368983957219194,False,False,0.6470588235294118
By negative evidence,vs inferred,plddt_mean,17,11,0.3048128342245989,0.11229946524064172,0.5133689839572193,0.09379062093790622,0.10718928107189282,0.8716577540106952,-0.5668449197860963,-0.8342245989304813,-0.267379679144385,False,False,0.6470588235294118
By negative evidence,vs absence_only,iptm,17,10,0.7676470588235295,0.5558823529411765,0.9441176470588235,0.0178982101789821,0.029117088291170885,0.7529411764705882,0.014705882352941235,-0.238235294117647,0.2705882352941177,False,False,0.5470588235294118
By negative evidence,vs absence_only,chain_pair_iptm,17,10,0.7676470588235295,0.5558823529411765,0.9441176470588235,0.0178982101789821,0.029117088291170885,0.7529411764705882,0.014705882352941235,-0.238235294117647,0.2705882352941177,False,False,0.5470588235294118
By negative evidence,vs absence_only,ranking_score,17,10,0.7058823529411765,0.49117647058823527,0.8941176470588236,0.07679232076792321,0.09451362556052087,0.7529411764705882,-0.04705882352941171,-0.30000000000000004,0.21176470588235297,False,False,0.5470588235294118
By negative evidence,vs absence_only,ptm,17,10,0.5029411764705882,0.2647058823529412,0.7323529411764705,0.9904009599040096,0.9904009599040096,0.7529411764705882,-0.25,-0.5823529411764705,0.07941176470588229,False,False,0.5470588235294118
By negative evidence,vs absence_only,fraction_disordered,17,10,0.3411764705882353,0.1411764705882353,0.5529411764705883,0.1618838116188381,0.18501007042152925,0.7529411764705882,-0.4117647058823529,-0.6852941176470588,-0.09999999999999998,False,False,0.5470588235294118
By negative evidence,vs absence_only,chain_pair_pae_min,17,10,0.8058823529411765,0.6294117647058823,0.9529411764705882,0.006999300069993001,0.0231976802319768,0.7529411764705882,0.05294117647058827,-0.1588235294117647,0.2705882352941177,False,False,0.5470588235294118
By negative evidence,vs absence_only,pae_inter_mean,17,10,0.7588235294117647,0.5588235294117647,0.9352941176470588,0.027897210278972105,0.0405777604057776,0.7529411764705882,0.00588235294117645,-0.18823529411764706,0.21764705882352942,False,False,0.5470588235294118
By negative evidence,vs absence_only,pae_inter_p05,17,10,0.788235294117647,0.6,0.9470588235294117,0.0115988401159884,0.02651163455083063,0.7529411764705882,0.03529411764705881,-0.18823529411764706,0.25294117647058834,False,False,0.5470588235294118
By negative evidence,vs absence_only,pae_inter_frac_lt10,17,10,0.7235294117647059,0.5529411764705883,0.8764705882352941,0.037196280371962806,0.049595040495950406,0.7529411764705882,-0.02941176470588236,-0.238235294117647,0.19117647058823528,False,False,0.5470588235294118
By negative evidence,vs absence_only,pae_inter_frac_lt5,17,10,0.7352941176470589,0.6176470588235294,0.8529411764705882,0.018198180181981802,0.029117088291170885,0.7529411764705882,-0.01764705882352935,-0.2058823529411764,0.1941176470588235,False,False,0.5470588235294118
By negative evidence,vs absence_only,contact_prob_sum,17,10,0.8294117647058824,0.6588235294117647,0.9647058823529412,0.0036996300369963003,0.0231976802319768,0.7529411764705882,0.07647058823529418,-0.09999999999999998,0.2617647058823529,False,False,0.5470588235294118
By negative evidence,vs absence_only,contact_prob_density,17,10,0.8117647058823529,0.6352941176470588,0.9529411764705882,0.006399360063993601,0.0231976802319768,0.7529411764705882,0.05882352941176472,-0.09999999999999998,0.22941176470588232,False,False,0.5470588235294118
By negative evidence,vs absence_only,contact_prob_max,17,10,0.8382352941176471,0.6676470588235294,0.9676470588235294,0.0030996900309969004,0.0231976802319768,0.7529411764705882,0.08529411764705885,-0.08823529411764708,0.27647058823529413,False,False,0.5470588235294118
By negative evidence,vs absence_only,n_contacts_p50,17,10,0.7647058823529411,0.6470588235294118,0.8823529411764706,0.0086991300869913,0.0231976802319768,0.7529411764705882,0.0117647058823529,-0.1705882352941177,0.21176470588235297,False,False,0.5470588235294118
By negative evidence,vs absence_only,contact_participation_ratio,17,10,0.8,0.6088235294117647,0.9470588235294117,0.0084991500849915,0.0231976802319768,0.7529411764705882,0.04705882352941182,-0.1352941176470588,0.24705882352941178,False,False,0.5470588235294118
By negative evidence,vs absence_only,plddt_mean,17,10,0.36470588235294116,0.16470588235294117,0.5882352941176471,0.25377462253774624,0.27069293070692935,0.7529411764705882,-0.38823529411764707,-0.6647058823529413,-0.07647058823529407,False,False,0.5470588235294118
By negative evidence,vs uncertain,iptm,17,2,0.7352941176470589,0.47058823529411764,0.9411764705882353,,,0.7647058823529411,-0.02941176470588225,-0.23529411764705876,0.1470588235294117,False,True,0.23529411764705882
By negative evidence,vs uncertain,chain_pair_iptm,17,2,0.7352941176470589,0.47058823529411764,0.9411764705882353,,,0.7647058823529411,-0.02941176470588225,-0.23529411764705876,0.1470588235294117,False,True,0.23529411764705882
By negative evidence,vs uncertain,ranking_score,17,2,0.7205882352941176,0.4117647058823529,1.0,,,0.7647058823529411,-0.044117647058823484,-0.32352941176470595,0.2058823529411764,False,True,0.23529411764705882
By negative evidence,vs uncertain,ptm,17,2,0.5147058823529411,0.11764705882352941,0.9117647058823529,,,0.7647058823529411,-0.25,-0.7647058823529411,0.2941176470588235,False,True,0.23529411764705882
By negative evidence,vs uncertain,fraction_disordered,17,2,0.4411764705882353,0.058823529411764705,0.7941176470588235,,,0.7647058823529411,-0.32352941176470584,-0.8235294117647058,0.17647058823529405,False,True,0.23529411764705882
By negative evidence,vs uncertain,chain_pair_pae_min,17,2,0.8529411764705882,0.6470588235294118,1.0,,,0.7647058823529411,0.08823529411764708,-0.11764705882352944,0.2941176470588235,False,True,0.23529411764705882
By negative evidence,vs uncertain,pae_inter_mean,17,2,0.8529411764705882,0.6470588235294118,1.0,,,0.7647058823529411,0.08823529411764708,-0.17647058823529405,0.3529411764705882,False,True,0.23529411764705882
By negative evidence,vs uncertain,pae_inter_p05,17,2,0.8823529411764706,0.7058823529411765,1.0,,,0.7647058823529411,0.11764705882352944,-0.11764705882352933,0.3529411764705882,False,True,0.23529411764705882
By negative evidence,vs uncertain,pae_inter_frac_lt10,17,2,0.7941176470588235,0.6764705882352942,0.9117647058823529,,,0.7647058823529411,0.02941176470588236,-0.1470588235294117,0.23529411764705876,False,True,0.23529411764705882
By negative evidence,vs uncertain,pae_inter_frac_lt5,17,2,0.7352941176470589,0.6176470588235294,0.8529411764705882,,,0.7647058823529411,-0.02941176470588225,-0.2058823529411764,0.17647058823529416,False,True,0.23529411764705882
By negative evidence,vs uncertain,contact_prob_sum,17,2,0.7058823529411765,0.47058823529411764,0.8823529411764706,,,0.7647058823529411,-0.05882352941176461,-0.23529411764705876,0.11764705882352944,False,True,0.23529411764705882
By negative evidence,vs uncertain,contact_prob_density,17,2,0.7647058823529411,0.5294117647058824,0.9411764705882353,,,0.7647058823529411,0.0,-0.23529411764705876,0.23529411764705876,False,True,0.23529411764705882
By negative evidence,vs uncertain,contact_prob_max,17,2,0.7058823529411765,0.47058823529411764,0.8823529411764706,,,0.7647058823529411,-0.05882352941176461,-0.23529411764705876,0.11764705882352944,False,True,0.23529411764705882
By negative evidence,vs uncertain,n_contacts_p50,17,2,0.7647058823529411,0.6470588235294118,0.8823529411764706,,,0.7647058823529411,0.0,-0.17647058823529416,0.2058823529411764,False,True,0.23529411764705882
By negative evidence,vs uncertain,contact_participation_ratio,17,2,0.14705882352941177,0.0,0.35294117647058826,,,0.7647058823529411,-0.6176470588235293,-0.8235294117647058,-0.3823529411764706,False,True,0.23529411764705882
By negative evidence,vs uncertain,plddt_mean,17,2,0.5588235294117647,0.17647058823529413,0.9411764705882353,,,0.7647058823529411,-0.2058823529411764,-0.7647058823529411,0.2941176470588235,False,True,0.23529411764705882
By negative evidence,vs weak (inferred + absence_only),iptm,17,21,0.7871148459383753,0.623249299719888,0.9299719887955182,0.0011998800119988001,0.0031996800319968005,0.8151260504201681,-0.02801120448179273,-0.18067226890756294,0.13725490196078427,False,False,0.5994397759103641
By negative evidence,vs weak (inferred + absence_only),chain_pair_iptm,17,21,0.7871148459383753,0.623249299719888,0.9299719887955182,0.0011998800119988001,0.0031996800319968005,0.8151260504201681,-0.02801120448179273,-0.18067226890756294,0.13725490196078427,False,False,0.5994397759103641
By negative evidence,vs weak (inferred + absence_only),ranking_score,17,21,0.6778711484593838,0.4887955182072829,0.8487394957983193,0.062493750624937505,0.07691538538453847,0.8151260504201681,-0.13725490196078427,-0.3263305322128851,0.05882352941176472,False,False,0.5994397759103641
By negative evidence,vs weak (inferred + absence_only),ptm,17,21,0.6204481792717087,0.42857142857142855,0.7969187675070029,0.21647835216478353,0.23091024230910243,0.8151260504201681,-0.19467787114845936,-0.42857142857142855,0.04341736694677867,False,False,0.5994397759103641
By negative evidence,vs weak (inferred + absence_only),fraction_disordered,17,21,0.4411764705882353,0.27450980392156865,0.6134453781512605,0.5124487551244875,0.5124487551244875,0.8151260504201681,-0.3739495798319328,-0.5938375350140055,-0.13585434173669464,False,False,0.5994397759103641
By negative evidence,vs weak (inferred + absence_only),chain_pair_pae_min,17,21,0.8095238095238095,0.6470588235294118,0.9467787114845938,0.0008999100089991,0.0031996800319968005,0.8151260504201681,-0.0056022408963585235,-0.1736694677871149,0.15406162464985995,False,False,0.5994397759103641
By negative evidence,vs weak (inferred + absence_only),pae_inter_mean,17,21,0.7338935574229691,0.5630252100840336,0.8823529411764706,0.011998800119988001,0.015998400159984,0.8151260504201681,-0.08123249299719892,-0.2549019607843137,0.08963585434173671,False,False,0.5994397759103641
By negative evidence,vs weak (inferred + absence_only),pae_inter_p05,17,21,0.7899159663865546,0.6302521008403361,0.927170868347339,0.0021997800219978004,0.004399560043995601,0.8151260504201681,-0.025210084033613467,-0.196078431372549,0.14005602240896364,False,False,0.5994397759103641
By negative evidence,vs weak (inferred + absence_only),pae_inter_frac_lt10,17,21,0.7338935574229691,0.5896358543417367,0.8711484593837535,0.001999800019998,0.004399560043995601,0.8151260504201681,-0.08123249299719892,-0.22969187675070024,0.06442577030812324,False,False,0.5994397759103641
By negative evidence,vs weak (inferred + absence_only),pae_inter_frac_lt5,17,21,0.7142857142857143,0.5882352941176471,0.8375350140056023,0.0025997400259974,0.004479552044795521,0.8151260504201681,-0.10084033613445376,-0.2549019607843137,0.056022408963585346,False,False,0.5994397759103641
By negative evidence,vs weak (inferred + absence_only),contact_prob_sum,17,21,0.8305322128851541,0.680672268907563,0.9495798319327731,0.00019998000199980003,0.0015998400159984002,0.8151260504201681,0.01540616246498605,-0.10644257703081228,0.13725490196078438,False,False,0.5994397759103641
By negative evidence,vs weak (inferred + absence_only),contact_prob_density,17,21,0.773109243697479,0.6106442577030813,0.907563025210084,0.0027997200279972004,0.004479552044795521,0.8151260504201681,-0.04201680672268904,-0.17647058823529416,0.08963585434173671,False,False,0.5994397759103641
By negative evidence,vs weak (inferred + absence_only),contact_prob_max,17,21,0.8333333333333334,0.6862745098039216,0.9509803921568627,0.00029997000299970003,0.0015998400159984002,0.8151260504201681,0.018207282913165312,-0.10644257703081239,0.14565826330532217,False,False,0.5994397759103641
By negative evidence,vs weak (inferred + absence_only),n_contacts_p50,17,21,0.7535014005602241,0.6302521008403361,0.876750700280112,0.00019998000199980003,0.0015998400159984002,0.8151260504201681,-0.06162464985994398,-0.2100840336134454,0.08683473389355734,False,False,0.5994397759103641
By negative evidence,vs weak (inferred + absence_only),contact_participation_ratio,17,21,0.7492997198879552,0.5826330532212886,0.896358543417367,0.006299370062993701,0.009162720091627202,0.8151260504201681,-0.06582633053221287,-0.2100840336134454,0.07843137254901966,False,False,0.5994397759103641
By negative evidence,vs weak (inferred + absence_only),plddt_mean,17,21,0.3333333333333333,0.16246498599439776,0.5238095238095238,0.0790920907909209,0.0903909609039096,0.8151260504201681,-0.48179271708683474,-0.7366946778711484,-0.1876750700280112,False,False,0.5994397759103641
By positive subgroup,Fuzzy heterotypic positives,iptm,5,31,0.3935483870967742,0.1870967741935484,0.6129032258064516,0.46415358464153583,0.6958073423426888,0.45161290322580644,-0.05806451612903224,-0.3225806451612903,0.21290322580645166,False,False,0.6
By positive subgroup,Fuzzy heterotypic positives,chain_pair_iptm,5,31,0.3935483870967742,0.1870967741935484,0.6129032258064516,0.46415358464153583,0.6958073423426888,0.45161290322580644,-0.05806451612903224,-0.3225806451612903,0.21290322580645166,False,False,0.6
By positive subgroup,Fuzzy heterotypic positives,ranking_score,5,31,0.3064516129032258,0.09032258064516129,0.5741935483870968,0.1805819418058194,0.6958073423426888,0.45161290322580644,-0.14516129032258063,-0.4967741935483871,0.23870967741935487,False,False,0.6
By positive subgroup,Fuzzy heterotypic positives,ptm,5,31,0.5419354838709678,0.23548387096774193,0.832258064516129,0.7744225577442255,0.8260507282605072,0.45161290322580644,0.09032258064516135,-0.3516129032258065,0.5064516129032258,False,False,0.6
By positive subgroup,Fuzzy heterotypic positives,fraction_disordered,5,31,0.5709677419354838,0.3064516129032258,0.8225806451612904,0.6312368763123688,0.7214135729284215,0.45161290322580644,0.11935483870967739,-0.23225806451612901,0.46129032258064523,False,False,0.6
By positive subgroup,Fuzzy heterotypic positives,chain_pair_pae_min,5,31,0.34838709677419355,0.11612903225806452,0.6064516129032258,0.30526947305269475,0.6958073423426888,0.45161290322580644,-0.10322580645161289,-0.5354838709677419,0.25806451612903225,False,False,0.6
By positive subgroup,Fuzzy heterotypic positives,pae_inter_mean,5,31,0.34838709677419355,0.14193548387096774,0.5741935483870968,0.3086691330866913,0.6958073423426888,0.45161290322580644,-0.10322580645161289,-0.5225806451612903,0.25806451612903225,False,False,0.6
By positive subgroup,Fuzzy heterotypic positives,pae_inter_p05,5,31,0.36774193548387096,0.14193548387096774,0.6129032258064516,0.3665633436656334,0.6958073423426888,0.45161290322580644,-0.08387096774193548,-0.5161290322580645,0.296774193548387,False,False,0.6
By positive subgroup,Fuzzy heterotypic positives,pae_inter_frac_lt10,5,31,0.3548387096774194,0.27419354838709675,0.43548387096774194,0.3057694230576942,0.6958073423426888,0.45161290322580644,-0.09677419354838707,-0.33870967741935487,0.12580645161290324,False,False,0.6
By positive subgroup,Fuzzy heterotypic positives,pae_inter_frac_lt5,5,31,0.4032258064516129,0.3387096774193548,0.46774193548387094,0.5653434656534346,0.6958073423426888,0.45161290322580644,-0.04838709677419356,-0.29354838709677417,0.1806451612903226,False,False,0.6
By positive subgroup,Fuzzy heterotypic positives,contact_prob_sum,5,31,0.3,0.14193548387096774,0.4838709677419355,0.15858414158584141,0.6958073423426888,0.45161290322580644,-0.15161290322580645,-0.40645161290322585,0.10967741935483866,False,False,0.6
By positive subgroup,Fuzzy heterotypic positives,contact_prob_density,5,31,0.3096774193548387,0.14516129032258066,0.5032258064516129,0.17748225177482252,0.6958073423426888,0.45161290322580644,-0.14193548387096772,-0.3935483870967742,0.12258064516129036,False,False,0.6
By positive subgroup,Fuzzy heterotypic positives,contact_prob_max,5,31,0.31290322580645163,0.15483870967741936,0.5,0.1902809719028097,0.6958073423426888,0.45161290322580644,-0.1387096774193548,-0.40967741935483865,0.13548387096774192,False,False,0.6
By positive subgroup,Fuzzy heterotypic positives,n_contacts_p50,5,31,0.3870967741935484,0.3064516129032258,0.45161290322580644,0.5003499650034996,0.6958073423426888,0.45161290322580644,-0.06451612903225806,-0.3032258064516129,0.16451612903225804,False,False,0.6
By positive subgroup,Fuzzy heterotypic positives,contact_participation_ratio,5,31,0.4096774193548387,0.1967741935483871,0.6387096774193548,0.536046395360464,0.6958073423426888,0.45161290322580644,-0.04193548387096774,-0.3161290322580645,0.24838709677419357,False,False,0.6
By positive subgroup,Fuzzy heterotypic positives,plddt_mean,5,31,0.5290322580645161,0.2903225806451613,0.7741935483870968,0.8589141085891411,0.8589141085891411,0.45161290322580644,0.07741935483870971,-0.2967741935483871,0.4645161290322581,False,False,0.6
By positive subgroup,Fuzzy homotypic positives,iptm,12,31,0.7016129032258065,0.5443548387096774,0.8481182795698925,0.0405959404059594,0.05094875127871828,0.8978494623655914,-0.19623655913978488,-0.3696236559139785,-0.026881720430107614,False,False,0.706989247311828
By positive subgroup,Fuzzy homotypic positives,chain_pair_iptm,12,31,0.7016129032258065,0.5443548387096774,0.8481182795698925,0.0405959404059594,0.05094875127871828,0.8978494623655914,-0.19623655913978488,-0.3696236559139785,-0.026881720430107614,False,False,0.706989247311828
By positive subgroup,Fuzzy homotypic positives,ranking_score,12,31,0.6760752688172043,0.4946236559139785,0.8413978494623656,0.0781921807819218,0.08936249232219635,0.8978494623655914,-0.22177419354838712,-0.42741935483870963,-0.021505376344086002,False,False,0.706989247311828
By positive subgroup,Fuzzy homotypic positives,ptm,12,31,0.4435483870967742,0.271505376344086,0.6223118279569892,0.5807419258074192,0.5807419258074192,0.8978494623655914,-0.4543010752688172,-0.6424731182795699,-0.2594086021505376,False,False,0.706989247311828
By positive subgroup,Fuzzy homotypic positives,fraction_disordered,12,31,0.3077956989247312,0.14919354838709678,0.48655913978494625,0.0413958604139586,0.05094875127871828,0.8978494623655914,-0.5900537634408602,-0.7728494623655915,-0.3897849462365591,False,False,0.706989247311828
By positive subgroup,Fuzzy homotypic positives,chain_pair_pae_min,12,31,0.8198924731182796,0.6881720430107527,0.9327956989247311,0.0016998300169983002,0.0045328800453288,0.8978494623655914,-0.07795698924731176,-0.2338709677419355,0.08064516129032262,False,False,0.706989247311828
By positive subgroup,Fuzzy homotypic positives,pae_inter_mean,12,31,0.6424731182795699,0.478494623655914,0.7983870967741935,0.15698430156984303,0.16744992167449924,0.8978494623655914,-0.2553763440860215,-0.42204301075268813,-0.09139784946236562,False,False,0.706989247311828
By positive subgroup,Fuzzy homotypic positives,pae_inter_p05,12,31,0.7258064516129032,0.5698924731182796,0.8655913978494624,0.0221977802219778,0.038556144385561444,0.8978494623655914,-0.17204301075268813,-0.33333333333333337,-0.010752688172043001,False,False,0.706989247311828
By positive subgroup,Fuzzy homotypic positives,pae_inter_frac_lt10,12,31,0.7258064516129032,0.5672043010752689,0.8736559139784946,0.010798920107989201,0.024683245961118174,0.8978494623655914,-0.17204301075268813,-0.35080645161290325,0.009408602150537626,False,False,0.706989247311828
By positive subgroup,Fuzzy homotypic positives,pae_inter_frac_lt5,12,31,0.6854838709677419,0.5255376344086021,0.8413978494623656,0.0240975902409759,0.038556144385561444,0.8978494623655914,-0.2123655913978495,-0.3951612903225806,-0.021505376344086113,False,False,0.706989247311828
By positive subgroup,Fuzzy homotypic positives,contact_prob_sum,12,31,0.989247311827957,0.9596774193548387,1.0,9.999000099990002e-05,0.0015998400159984002,0.8978494623655914,0.09139784946236562,0.010752688172043001,0.20430107526881724,True,False,0.706989247311828
By positive subgroup,Fuzzy homotypic positives,contact_prob_density,12,31,0.728494623655914,0.5752688172043011,0.8655913978494624,0.019998000199980003,0.038556144385561444,0.8978494623655914,-0.16935483870967738,-0.32795698924731187,-0.018817204301075252,False,False,0.706989247311828
By positive subgroup,Fuzzy homotypic positives,contact_prob_max,12,31,0.8306451612903226,0.696236559139785,0.946236559139785,0.0008999100089991,0.0035996400359964,0.8978494623655914,-0.06720430107526876,-0.217741935483871,0.08602150537634412,False,False,0.706989247311828
By positive subgroup,Fuzzy homotypic positives,n_contacts_p50,12,31,0.7903225806451613,0.6290322580645161,0.9301075268817204,0.0008999100089991,0.0035996400359964,0.8978494623655914,-0.10752688172043012,-0.29569892473118276,0.08602150537634412,False,False,0.706989247311828
By positive subgroup,Fuzzy homotypic positives,contact_participation_ratio,12,31,0.8145161290322581,0.6801075268817204,0.9274193548387096,0.0007999200079992001,0.0035996400359964,0.8978494623655914,-0.08333333333333326,-0.22043010752688175,0.048387096774193505,False,False,0.706989247311828
By positive subgroup,Fuzzy homotypic positives,plddt_mean,12,31,0.1935483870967742,0.06182795698924731,0.3575268817204301,0.0015998400159984002,0.0045328800453288,0.8978494623655914,-0.7043010752688172,-0.8924731182795699,-0.4731182795698925,False,False,0.706989247311828
By positive subgroup,Mutual-folding (memorised) positives,iptm,4,31,0.9435483870967742,0.8588709677419355,1.0,0.0011998800119988001,0.0017452800174528002,0.41935483870967744,0.5241935483870968,0.33870967741935476,0.7016129032258065,True,False,0.12903225806451613
By positive subgroup,Mutual-folding (memorised) positives,chain_pair_iptm,4,31,0.9435483870967742,0.8588709677419355,1.0,0.0011998800119988001,0.0017452800174528002,0.41935483870967744,0.5241935483870968,0.33870967741935476,0.7016129032258065,True,False,0.12903225806451613
By positive subgroup,Mutual-folding (memorised) positives,ranking_score,4,31,0.9475806451612904,0.8548387096774194,1.0,0.000999900009999,0.0017452800174528002,0.41935483870967744,0.528225806451613,0.33870967741935487,0.7016129032258065,True,False,0.12903225806451613
By positive subgroup,Mutual-folding (memorised) positives,ptm,4,31,0.9435483870967742,0.8467741935483871,1.0,0.000999900009999,0.0017452800174528002,0.41935483870967744,0.5241935483870968,0.35483870967741926,0.6935483870967742,True,False,0.12903225806451613
By positive subgroup,Mutual-folding (memorised) positives,fraction_disordered,4,31,0.6653225806451613,0.3387096774193548,0.9193548387096774,0.2973702629737026,0.31719494717194946,0.41935483870967744,0.24596774193548382,-0.13306451612903225,0.5725806451612903,False,False,0.12903225806451613
By positive subgroup,Mutual-folding (memorised) positives,chain_pair_pae_min,4,31,0.9637096774193549,0.8870967741935484,1.0,0.00029997000299970003,0.0011998800119988001,0.41935483870967744,0.5443548387096775,0.346774193548387,0.7258064516129032,True,False,0.12903225806451613
By positive subgroup,Mutual-folding (memorised) positives,pae_inter_mean,4,31,0.9435483870967742,0.8467741935483871,1.0,0.000999900009999,0.0017452800174528002,0.41935483870967744,0.5241935483870968,0.3306451612903226,0.7096774193548386,True,False,0.12903225806451613
By positive subgroup,Mutual-folding (memorised) positives,pae_inter_p05,4,31,0.9596774193548387,0.8790322580645161,1.0,9.999000099990002e-05,0.0011998800119988001,0.41935483870967744,0.5403225806451613,0.33870967741935487,0.7258064516129032,True,False,0.12903225806451613
By positive subgroup,Mutual-folding (memorised) positives,pae_inter_frac_lt10,4,31,0.9516129032258065,0.8629032258064516,1.0,0.0004999500049995,0.0015998400159984,0.41935483870967744,0.532258064516129,0.33870967741935476,0.717741935483871,True,False,0.12903225806451613
By positive subgroup,Mutual-folding (memorised) positives,pae_inter_frac_lt5,4,31,0.967741935483871,0.8951612903225806,1.0,0.00019998000199980003,0.0011998800119988001,0.41935483870967744,0.5483870967741935,0.3629032258064516,0.7258064516129032,True,False,0.12903225806451613
By positive subgroup,Mutual-folding (memorised) positives,contact_prob_sum,4,31,0.8467741935483871,0.6935483870967742,0.967741935483871,0.0211978802119788,0.02422614881369006,0.41935483870967744,0.4274193548387097,0.22580645161290325,0.629032258064516,True,False,0.12903225806451613
By positive subgroup,Mutual-folding (memorised) positives,contact_prob_density,4,31,0.9193548387096774,0.7903225806451613,1.0,0.004299570042995701,0.005291778514456247,0.41935483870967744,0.49999999999999994,0.27419354838709675,0.7096774193548387,True,False,0.12903225806451613
By positive subgroup,Mutual-folding (memorised) positives,contact_prob_max,4,31,0.9516129032258065,0.8709677419354839,1.0,0.00029997000299970003,0.0011998800119988001,0.41935483870967744,0.532258064516129,0.35483870967741926,0.7056451612903226,True,False,0.12903225806451613
By positive subgroup,Mutual-folding (memorised) positives,n_contacts_p50,4,31,0.9314516129032258,0.8306451612903226,1.0,0.0010998900109989002,0.0017452800174528002,0.41935483870967744,0.5120967741935483,0.33467741935483875,0.6935483870967741,True,False,0.12903225806451613
By positive subgroup,Mutual-folding (memorised) positives,contact_participation_ratio,4,31,0.41935483870967744,0.25,0.5967741935483871,0.6346365363463654,0.6346365363463654,0.41935483870967744,0.0,-0.217741935483871,0.2258064516129032,False,False,0.12903225806451613
By positive subgroup,Mutual-folding (memorised) positives,plddt_mean,4,31,0.9193548387096774,0.8064516129032258,1.0,0.0025997400259974,0.0034663200346632,0.41935483870967744,0.49999999999999994,0.2983870967741935,0.6935483870967741,True,False,0.12903225806451613
By positive subgroup,All 21 positives incl. memorised,iptm,21,31,0.674347158218126,0.5192012288786483,0.8125960061443932,0.036096390360963904,0.06417136064171361,0.7004608294930875,-0.02611367127496156,-0.20276497695852536,0.15591397849462363,False,False,0.5714285714285714
By positive subgroup,All 21 positives incl. memorised,chain_pair_iptm,21,31,0.674347158218126,0.5192012288786483,0.8125960061443932,0.036096390360963904,0.06417136064171361,0.7004608294930875,-0.02611367127496156,-0.20276497695852536,0.15591397849462363,False,False,0.5714285714285714
By positive subgroup,All 21 positives incl. memorised,ranking_score,21,31,0.6397849462365591,0.47619047619047616,0.7926267281105991,0.08769123087691232,0.11692164116921643,0.7004608294930875,-0.060675883256528396,-0.26113671274961603,0.14362519201228885,False,False,0.5714285714285714
By positive subgroup,All 21 positives incl. memorised,ptm,21,31,0.5622119815668203,0.39938556067588327,0.7196620583717358,0.45115488451154884,0.45315468453154684,0.7004608294930875,-0.13824884792626724,-0.369431643625192,0.09907834101382484,False,False,0.5714285714285714
By positive subgroup,All 21 positives incl. memorised,fraction_disordered,21,31,0.43855606758832566,0.2834101382488479,0.5975422427035331,0.45315468453154684,0.45315468453154684,0.7004608294930875,-0.26190476190476186,-0.4915514592933948,-0.013056835637480835,False,False,0.5714285714285714
By positive subgroup,All 21 positives incl. memorised,chain_pair_pae_min,21,31,0.7350230414746544,0.5837173579109063,0.869431643625192,0.004299570042995701,0.019998000199980003,0.7004608294930875,0.03456221198156684,-0.13824884792626724,0.21505376344086025,False,False,0.5714285714285714
By positive subgroup,All 21 positives incl. memorised,pae_inter_mean,21,31,0.6298003072196621,0.4731182795698925,0.7772657450076805,0.12018798120187982,0.1479236691715444,0.7004608294930875,-0.07066052227342545,-0.26113671274961603,0.12903225806451613,False,False,0.5714285714285714
By positive subgroup,All 21 positives incl. memorised,pae_inter_p05,21,31,0.685099846390169,0.533026113671275,0.8248847926267281,0.025197480251974803,0.05759424057594241,0.7004608294930875,-0.015360983102918557,-0.19969278033794158,0.1766513056835637,False,False,0.5714285714285714
By positive subgroup,All 21 positives incl. memorised,pae_inter_frac_lt10,21,31,0.6804915514592934,0.5399385560675883,0.8133640552995391,0.0170982901709829,0.0455954404559544,0.7004608294930875,-0.019969278033794113,-0.19201228878648235,0.1643625192012289,False,False,0.5714285714285714
By positive subgroup,All 21 positives incl. memorised,pae_inter_frac_lt5,21,31,0.6720430107526881,0.5384024577572964,0.7987711213517665,0.015398460153984602,0.0455954404559544,0.7004608294930875,-0.028417818740399392,-0.20583717357910913,0.1643625192012288,False,False,0.5714285714285714
By positive subgroup,All 21 positives incl. memorised,contact_prob_sum,21,31,0.7980030721966206,0.65284178187404,0.9201228878648233,0.00039996000399960006,0.006399360063993601,0.7004608294930875,0.09754224270353307,-0.03379416282642089,0.23886328725038408,False,False,0.5714285714285714
By positive subgroup,All 21 positives incl. memorised,contact_prob_density,21,31,0.6651305683563749,0.511520737327189,0.8087557603686636,0.0458954104589541,0.07343265673432656,0.7004608294930875,-0.03533026113671267,-0.20583717357910908,0.14592933947772657,False,False,0.5714285714285714
By positive subgroup,All 21 positives incl. memorised,contact_prob_max,21,31,0.7304147465437788,0.5775729646697388,0.8632872503840245,0.004999500049995001,0.019998000199980003,0.7004608294930875,0.02995391705069128,-0.1267281105990784,0.1981566820276498,False,False,0.5714285714285714
By positive subgroup,All 21 positives incl. memorised,n_contacts_p50,21,31,0.7211981566820277,0.5875576036866359,0.8463901689708141,0.0025997400259974,0.019998000199980003,0.7004608294930875,0.02073732718894017,-0.1536098310291859,0.20583717357910902,False,False,0.5714285714285714
By positive subgroup,All 21 positives incl. memorised,contact_participation_ratio,21,31,0.6428571428571429,0.4877112135176651,0.7880184331797235,0.0842915708429157,0.11692164116921643,0.7004608294930875,-0.05760368663594462,-0.19354838709677413,0.08909370199692779,False,False,0.5714285714285714
By positive subgroup,All 21 positives incl. memorised,plddt_mean,21,31,0.4116743471582181,0.24731182795698925,0.5898617511520737,0.2890710928907109,0.3303669633036696,0.7004608294930875,-0.2887864823348694,-0.5529953917050691,-0.007680491551459223,False,False,0.5714285714285714
By positive subgroup,LLPS-reported positives,iptm,15,31,0.6043010752688172,0.4397849462365591,0.7655913978494624,0.2575742425757424,0.31701445240091375,0.7935483870967742,-0.18924731182795707,-0.34838709677419355,-0.03010752688172036,False,False,0.6903225806451613
By positive subgroup,LLPS-reported positives,chain_pair_iptm,15,31,0.6043010752688172,0.4397849462365591,0.7655913978494624,0.2575742425757424,0.31701445240091375,0.7935483870967742,-0.18924731182795707,-0.34838709677419355,-0.03010752688172036,False,False,0.6903225806451613
By positive subgroup,LLPS-reported positives,ranking_score,15,31,0.5666666666666667,0.3860215053763441,0.7473118279569892,0.46835316468353166,0.5352607596383219,0.7935483870967742,-0.22688172043010757,-0.42473118279569894,-0.03010752688172047,False,False,0.6903225806451613
By positive subgroup,LLPS-reported positives,ptm,15,31,0.4483870967741935,0.27741935483870966,0.6279569892473118,0.5763423657634237,0.5895410458954105,0.7935483870967742,-0.3451612903225807,-0.5720430107526882,-0.09677419354838712,False,False,0.6903225806451613
By positive subgroup,LLPS-reported positives,fraction_disordered,15,31,0.3849462365591398,0.2172043010752688,0.5580645161290323,0.193980601939806,0.31701445240091375,0.7935483870967742,-0.40860215053763443,-0.6473118279569893,-0.1440860215053763,False,False,0.6903225806451613
By positive subgroup,LLPS-reported positives,chain_pair_pae_min,15,31,0.6666666666666666,0.4860215053763441,0.832258064516129,0.06579342065793421,0.17544912175449123,0.7935483870967742,-0.1268817204301076,-0.2967741935483871,0.03655913978494629,False,False,0.6903225806451613
By positive subgroup,LLPS-reported positives,pae_inter_mean,15,31,0.5505376344086022,0.3827956989247312,0.7204301075268817,0.5895410458954105,0.5895410458954105,0.7935483870967742,-0.24301075268817207,-0.4236559139784946,-0.05591397849462365,False,False,0.6903225806451613
By positive subgroup,LLPS-reported positives,pae_inter_p05,15,31,0.6129032258064516,0.443010752688172,0.7784946236559139,0.2161783821617838,0.31701445240091375,0.7935483870967742,-0.1806451612903226,-0.356989247311828,-0.004301075268817178,False,False,0.6903225806451613
By positive subgroup,LLPS-reported positives,pae_inter_frac_lt10,15,31,0.6193548387096774,0.4666666666666667,0.7720430107526882,0.136986301369863,0.3131115459882583,0.7935483870967742,-0.17419354838709677,-0.3290322580645162,-0.027956989247311825,False,False,0.6903225806451613
By positive subgroup,LLPS-reported positives,pae_inter_frac_lt5,15,31,0.6,0.4591397849462366,0.7483870967741936,0.18698130186981302,0.31701445240091375,0.7935483870967742,-0.19354838709677424,-0.3548387096774194,-0.032258064516129004,False,False,0.6903225806451613
By positive subgroup,LLPS-reported positives,contact_prob_sum,15,31,0.8010752688172043,0.6193548387096774,0.9483870967741935,0.0005999400059994001,0.009599040095990401,0.7935483870967742,0.007526881720430034,-0.11397849462365583,0.11935483870967745,False,False,0.6903225806451613
By positive subgroup,LLPS-reported positives,contact_prob_density,15,31,0.6064516129032258,0.43655913978494626,0.7688172043010753,0.23847615238476152,0.31701445240091375,0.7935483870967742,-0.18709677419354842,-0.33333333333333337,-0.04086021505376347,False,False,0.6903225806451613
By positive subgroup,LLPS-reported positives,contact_prob_max,15,31,0.6827956989247311,0.510752688172043,0.843010752688172,0.044195580441955803,0.14142585741425856,0.7935483870967742,-0.11075268817204309,-0.2505376344086022,0.029032258064516037,False,False,0.6903225806451613
By positive subgroup,LLPS-reported positives,n_contacts_p50,15,31,0.6688172043010753,0.5161290322580645,0.8172043010752689,0.0244975502449755,0.097990200979902,0.7935483870967742,-0.12473118279569895,-0.28602150537634413,0.032258064516129004,False,False,0.6903225806451613
By positive subgroup,LLPS-reported positives,contact_participation_ratio,15,31,0.7086021505376344,0.5387096774193548,0.8602150537634409,0.021497850214978503,0.097990200979902,0.7935483870967742,-0.0849462365591398,-0.22795698924731178,0.06021505376344083,False,False,0.6903225806451613
By positive subgroup,LLPS-reported positives,plddt_mean,15,31,0.26881720430107525,0.11827956989247312,0.44516129032258067,0.010798920107989201,0.08639136086391361,0.7935483870967742,-0.524731182795699,-0.7763440860215054,-0.2236559139784946,False,False,0.6903225806451613
By positive subgroup,Positives without LLPS report,iptm,2,31,0.6612903225806451,0.45161290322580644,0.8709677419354839,,,0.5645161290322581,0.09677419354838701,-0.12903225806451607,0.32258064516129026,False,True,0.5645161290322581
By positive subgroup,Positives without LLPS report,chain_pair_iptm,2,31,0.6612903225806451,0.45161290322580644,0.8709677419354839,,,0.5645161290322581,0.09677419354838701,-0.12903225806451607,0.32258064516129026,False,True,0.5645161290322581
By positive subgroup,Positives without LLPS report,ranking_score,2,31,0.5725806451612904,0.1774193548387097,0.9354838709677419,,,0.5645161290322581,0.008064516129032251,-0.4193548387096774,0.4193548387096774,False,True,0.5645161290322581
By positive subgroup,Positives without LLPS report,ptm,2,31,0.6532258064516129,0.41935483870967744,0.8709677419354839,,,0.5645161290322581,0.08870967741935476,-0.16129032258064524,0.34677419354838707,False,True,0.5645161290322581
By positive subgroup,Positives without LLPS report,fraction_disordered,2,31,0.3870967741935484,0.12903225806451613,0.7096774193548387,,,0.5645161290322581,-0.17741935483870974,-0.5161290322580645,0.2096774193548387,False,True,0.5645161290322581
By positive subgroup,Positives without LLPS report,chain_pair_pae_min,2,31,0.7903225806451613,0.5483870967741935,1.0,,,0.5645161290322581,0.22580645161290314,-0.032258064516129004,0.4838709677419355,False,True,0.5645161290322581
By positive subgroup,Positives without LLPS report,pae_inter_mean,2,31,0.5967741935483871,0.3387096774193548,0.8387096774193549,,,0.5645161290322581,0.032258064516129004,-0.22580645161290325,0.29032258064516125,False,True,0.5645161290322581
By positive subgroup,Positives without LLPS report,pae_inter_p05,2,31,0.6774193548387096,0.3870967741935484,0.9354838709677419,,,0.5645161290322581,0.11290322580645151,-0.16129032258064513,0.3870967741935484,False,True,0.5645161290322581
By positive subgroup,Positives without LLPS report,pae_inter_frac_lt10,2,31,0.5967741935483871,0.3064516129032258,0.9354838709677419,,,0.5645161290322581,0.032258064516129004,-0.2903225806451613,0.3870967741935484,False,True,0.5645161290322581
By positive subgroup,Positives without LLPS report,pae_inter_frac_lt5,2,31,0.6209677419354839,0.3548387096774194,0.9354838709677419,,,0.5645161290322581,0.056451612903225756,-0.24193548387096775,0.3870967741935484,False,True,0.5645161290322581
By positive subgroup,Positives without LLPS report,contact_prob_sum,2,31,0.6774193548387096,0.25806451612903225,1.0,,,0.5645161290322581,0.11290322580645151,-0.3225806451612903,0.5483870967741935,False,True,0.5645161290322581
By positive subgroup,Positives without LLPS report,contact_prob_density,2,31,0.5967741935483871,0.2903225806451613,0.9032258064516129,,,0.5645161290322581,0.032258064516129004,-0.29032258064516125,0.3548387096774194,False,True,0.5645161290322581
By positive subgroup,Positives without LLPS report,contact_prob_max,2,31,0.6451612903225806,0.3225806451612903,0.9354838709677419,,,0.5645161290322581,0.08064516129032251,-0.25806451612903225,0.4193548387096774,False,True,0.5645161290322581
By positive subgroup,Positives without LLPS report,n_contacts_p50,2,31,0.6935483870967742,0.3387096774193548,1.0,,,0.5645161290322581,0.12903225806451613,-0.25806451612903225,0.5483870967741935,False,True,0.5645161290322581
By positive subgroup,Positives without LLPS report,contact_participation_ratio,2,31,0.5967741935483871,0.41935483870967744,0.7741935483870968,,,0.5645161290322581,0.032258064516129004,-0.19354838709677424,0.2580645161290323,False,True,0.5645161290322581
By positive subgroup,Positives without LLPS report,plddt_mean,2,31,0.46774193548387094,0.22580645161290322,0.7096774193548387,,,0.5645161290322581,-0.09677419354838718,-0.3870967741935484,0.19354838709677413,False,True,0.5645161290322581
Length-adjusted,1. positives vs real negatives (adj.),iptm,17,31,0.6470588235294118,0.4819734345351044,0.8026565464895635,0.09669033096690331,0.18184848181848481,0.7666034155597723,-0.1195445920303605,-0.27514231499051234,0.036053130929791344,False,False,0.6755218216318786
Length-adjusted,1. positives vs real negatives (adj.),chain_pair_iptm,17,31,0.6470588235294118,0.4819734345351044,0.8026565464895635,0.09669033096690331,0.18184848181848481,0.7666034155597723,-0.1195445920303605,-0.27514231499051234,0.036053130929791344,False,False,0.6755218216318786
Length-adjusted,1. positives vs real negatives (adj.),ranking_score,17,31,0.6204933586337761,0.4497153700189753,0.7836812144212524,0.17718228177182282,0.25771968257719685,0.7666034155597723,-0.1461100569259962,-0.32827324478178366,0.032258064516129004,False,False,0.6755218216318786
Length-adjusted,1. positives vs real negatives (adj.),ptm,17,31,0.5502846299810247,0.3908918406072106,0.7077798861480076,0.5793420657934206,0.6604139586041397,0.7666034155597723,-0.21631878557874762,-0.42504743833017083,-0.003795066413662229,False,False,0.6755218216318786
Length-adjusted,1. positives vs real negatives (adj.),fraction_disordered,17,31,0.444022770398482,0.27514231499051234,0.6166982922201139,0.5451454854514548,0.6604139586041397,0.7666034155597723,-0.3225806451612903,-0.5502846299810247,-0.0872865275142315,False,False,0.6755218216318786
Length-adjusted,1. positives vs real negatives (adj.),chain_pair_pae_min,17,31,0.7836812144212524,0.6242884250474383,0.920303605313093,0.0007999200079992001,0.008799120087991202,0.7666034155597723,0.017077798861480087,-0.12144212523719167,0.1518026565464896,False,False,0.6755218216318786
Length-adjusted,1. positives vs real negatives (adj.),pae_inter_mean,17,31,0.6223908918406073,0.46110056925996207,0.7798861480075902,0.16778322167783222,0.25771968257719685,0.7666034155597723,-0.14421252371916504,-0.29601518026565465,0.0,False,False,0.6755218216318786
Length-adjusted,1. positives vs real negatives (adj.),pae_inter_p05,17,31,0.7647058823529411,0.6166982922201139,0.8918406072106262,0.0020997900209979003,0.008799120087991202,0.7666034155597723,-0.00189753320683117,-0.12713472485768507,0.12713472485768496,False,False,0.6755218216318786
Length-adjusted,1. positives vs real negatives (adj.),pae_inter_frac_lt10,17,31,0.5445920303605313,0.38330170777988615,0.7039848197343453,0.6191380861913809,0.6604139586041397,0.7666034155597723,-0.22201138519924102,-0.4041745730550285,-0.0436432637571158,False,False,0.6755218216318786
Length-adjusted,1. positives vs real negatives (adj.),pae_inter_frac_lt5,17,31,0.6110056925996205,0.4459203036053131,0.7647058823529411,0.21787821217878212,0.2905042829050428,0.7666034155597723,-0.15559772296015184,-0.35104364326375703,0.0436432637571158,False,False,0.6755218216318786
Length-adjusted,1. positives vs real negatives (adj.),contact_prob_sum,17,31,0.7628083491461101,0.5882352941176471,0.9127134724857685,0.0021997800219978004,0.008799120087991202,0.7666034155597723,-0.003795066413662229,-0.1574952561669829,0.13662239089184058,False,False,0.6755218216318786
Length-adjusted,1. positives vs real negatives (adj.),contact_prob_density,17,31,0.7647058823529411,0.5901328273244781,0.9165085388994307,0.001999800019998,0.008799120087991202,0.7666034155597723,-0.00189753320683117,-0.11764705882352944,0.11574952561669827,False,False,0.6755218216318786
Length-adjusted,1. positives vs real negatives (adj.),contact_prob_max,17,31,0.7438330170777988,0.5749525616698292,0.8861480075901328,0.0053994600539946005,0.017278272172782723,0.7666034155597723,-0.022770398481973486,-0.1461100569259962,0.09487666034155606,False,False,0.6755218216318786
Length-adjusted,1. positives vs real negatives (adj.),n_contacts_p50,17,31,0.7115749525616698,0.5426944971537002,0.8595825426944972,0.015598440155984402,0.04159584041595841,0.7666034155597723,-0.05502846299810249,-0.21821631878557868,0.09867172675521818,False,False,0.6755218216318786
Length-adjusted,1. positives vs real negatives (adj.),contact_participation_ratio,17,31,0.6451612903225806,0.4857685009487666,0.7969639468690702,0.10228977102289771,0.18184848181848481,0.7666034155597723,-0.12144212523719167,-0.2770398481973434,0.0379506641366224,False,False,0.6755218216318786
Length-adjusted,1. positives vs real negatives (adj.),plddt_mean,17,31,0.4838709677419355,0.31499051233396586,0.6546489563567363,0.8718128187181282,0.8718128187181282,0.7666034155597723,-0.2827324478178368,-0.5294117647058824,-0.024667931688804656,False,False,0.6755218216318786
Length-adjusted,2b. fuzzy positives vs real negatives (adj.),iptm,17,28,0.7121848739495799,0.5441176470588235,0.8613445378151261,0.0168983101689831,0.0337966203379662,0.7836134453781513,-0.0714285714285714,-0.2247899159663866,0.07352941176470584,False,False,0.6407563025210085
Length-adjusted,2b. fuzzy positives vs real negatives (adj.),chain_pair_iptm,17,28,0.7121848739495799,0.5441176470588235,0.8613445378151261,0.0168983101689831,0.0337966203379662,0.7836134453781513,-0.0714285714285714,-0.2247899159663866,0.07352941176470584,False,False,0.6407563025210085
Length-adjusted,2b. fuzzy positives vs real negatives (adj.),ranking_score,17,28,0.680672268907563,0.5021008403361344,0.8403361344537815,0.0435956404359564,0.07263273672632736,0.7836134453781513,-0.1029411764705882,-0.27731092436974797,0.07563025210084029,False,False,0.6407563025210085
Length-adjusted,2b. fuzzy positives vs real negatives (adj.),ptm,17,28,0.6071428571428571,0.43487394957983194,0.7668067226890757,0.23987601239876014,0.29523201526001247,0.7836134453781513,-0.17647058823529416,-0.3865546218487395,0.03361344537815125,False,False,0.6407563025210085
Length-adjusted,2b. fuzzy positives vs real negatives (adj.),fraction_disordered,17,28,0.46638655462184875,0.2920168067226891,0.6449579831932774,0.718928107189281,0.718928107189281,0.7836134453781513,-0.3172268907563025,-0.5483193277310924,-0.07983193277310918,False,False,0.6407563025210085
Length-adjusted,2b. fuzzy positives vs real negatives (adj.),chain_pair_pae_min,17,28,0.8109243697478992,0.6512605042016807,0.9411764705882353,0.00019998000199980003,0.0015998400159984002,0.7836134453781513,0.027310924369747913,-0.10924369747899165,0.15756302521008403,False,False,0.6407563025210085
Length-adjusted,2b. fuzzy positives vs real negatives (adj.),pae_inter_mean,17,28,0.6848739495798319,0.5168067226890757,0.8382352941176471,0.0453954604539546,0.07263273672632736,0.7836134453781513,-0.09873949579831931,-0.24789915966386555,0.03991596638655459,False,False,0.6407563025210085
Length-adjusted,2b. fuzzy positives vs real negatives (adj.),pae_inter_p05,17,28,0.8214285714285714,0.6764705882352942,0.9369747899159664,9.999000099990002e-05,0.0015998400159984002,0.7836134453781513,0.037815126050420145,-0.0672268907563025,0.1512605042016807,False,False,0.6407563025210085
Length-adjusted,2b. fuzzy positives vs real negatives (adj.),pae_inter_frac_lt10,17,28,0.6008403361344538,0.42857142857142855,0.7605042016806722,0.27087291270872915,0.30956904309569044,0.7836134453781513,-0.1827731092436975,-0.3739495798319328,-0.0021008403361345573,False,False,0.6407563025210085
Length-adjusted,2b. fuzzy positives vs real negatives (adj.),pae_inter_frac_lt5,17,28,0.6449579831932774,0.47689075630252103,0.8004201680672269,0.11128887111288871,0.16187472161874722,0.7836134453781513,-0.1386554621848739,-0.3403361344537815,0.054621848739495826,False,False,0.6407563025210085
Length-adjusted,2b. fuzzy positives vs real negatives (adj.),contact_prob_sum,17,28,0.7752100840336135,0.6029411764705882,0.9243697478991597,0.0013998600139986002,0.007465920074659201,0.7836134453781513,-0.008403361344537785,-0.16806722689075626,0.13025210084033612,False,False,0.6407563025210085
Length-adjusted,2b. fuzzy positives vs real negatives (adj.),contact_prob_density,17,28,0.7752100840336135,0.6008403361344538,0.9243697478991597,0.0025997400259974,0.008319168083191681,0.7836134453781513,-0.008403361344537785,-0.11974789915966388,0.10504201680672265,False,False,0.6407563025210085
Length-adjusted,2b. fuzzy positives vs real negatives (adj.),contact_prob_max,17,28,0.7857142857142857,0.6113445378151261,0.930672268907563,0.0018998100189981002,0.007599240075992401,0.7836134453781513,0.0021008403361344463,-0.10504201680672265,0.10924369747899165,False,False,0.6407563025210085
Length-adjusted,2b. fuzzy positives vs real negatives (adj.),n_contacts_p50,17,28,0.7626050420168067,0.5966386554621849,0.9054621848739496,0.003999600039996,0.010665600106656,0.7836134453781513,-0.021008403361344574,-0.17647058823529416,0.11974789915966388,False,False,0.6407563025210085
Length-adjusted,2b. fuzzy positives vs real negatives (adj.),contact_participation_ratio,17,28,0.6323529411764706,0.46218487394957986,0.7878151260504201,0.1473852614738526,0.19651368196513683,0.7836134453781513,-0.1512605042016807,-0.32352941176470595,0.012605042016806678,False,False,0.6407563025210085
Length-adjusted,2b. fuzzy positives vs real negatives (adj.),plddt_mean,17,28,0.5336134453781513,0.35294117647058826,0.707983193277311,0.7093290670932907,0.718928107189281,0.7836134453781513,-0.25,-0.5021008403361344,0.012605042016806678,False,False,0.6407563025210085
Length-adjusted,3. positives vs gold negatives (adj.),iptm,17,8,0.4485294117647059,0.19117647058823528,0.7205882352941176,0.7118288171182882,0.8135186481351865,0.6397058823529411,-0.19117647058823523,-0.49999999999999994,0.08823529411764708,False,False,0.9852941176470589
Length-adjusted,3. positives vs gold negatives (adj.),chain_pair_iptm,17,8,0.4485294117647059,0.19117647058823528,0.7205882352941176,0.7118288171182882,0.8135186481351865,0.6397058823529411,-0.19117647058823523,-0.49999999999999994,0.08823529411764708,False,False,0.9852941176470589
Length-adjusted,3. positives vs gold negatives (adj.),ranking_score,17,8,0.4632352941176471,0.19852941176470587,0.75,0.7948205179482052,0.8478085524780855,0.6397058823529411,-0.17647058823529405,-0.5073529411764706,0.15441176470588236,False,False,0.9852941176470589
Length-adjusted,3. positives vs gold negatives (adj.),ptm,17,8,0.34558823529411764,0.10294117647058823,0.6176470588235294,0.24847515248475152,0.7384404416701187,0.6397058823529411,-0.2941176470588235,-0.5955882352941178,0.02941176470588236,False,False,0.9852941176470589
Length-adjusted,3. positives vs gold negatives (adj.),fraction_disordered,17,8,0.36764705882352944,0.1323529411764706,0.625,0.3230676932306769,0.7384404416701187,0.6397058823529411,-0.2720588235294117,-0.588235294117647,0.05147058823529416,False,False,0.9852941176470589
Length-adjusted,3. positives vs gold negatives (adj.),chain_pair_pae_min,17,8,0.6470588235294118,0.4264705882352941,0.8529411764705882,0.24647535246475352,0.7384404416701187,0.6397058823529411,0.007352941176470673,-0.19852941176470584,0.20588235294117652,False,False,0.9852941176470589
Length-adjusted,3. positives vs gold negatives (adj.),pae_inter_mean,17,8,0.3602941176470588,0.11029411764705882,0.6397058823529411,0.2716728327167283,0.7384404416701187,0.6397058823529411,-0.2794117647058823,-0.5735294117647058,0.0,False,False,0.9852941176470589
Length-adjusted,3. positives vs gold negatives (adj.),pae_inter_p05,17,8,0.5073529411764706,0.27205882352941174,0.7426470588235294,0.9767023297670233,0.9767023297670233,0.6397058823529411,-0.13235294117647056,-0.411764705882353,0.10294117647058831,False,False,0.9852941176470589
Length-adjusted,3. positives vs gold negatives (adj.),pae_inter_frac_lt10,17,8,0.39705882352941174,0.11764705882352941,0.7205882352941176,0.42355764423557646,0.8135186481351865,0.6397058823529411,-0.24264705882352938,-0.588235294117647,0.11029411764705876,False,False,0.9852941176470589
Length-adjusted,3. positives vs gold negatives (adj.),pae_inter_frac_lt5,17,8,0.7205882352941176,0.375,0.9852941176470589,0.08559144085591441,0.7384404416701187,0.6397058823529411,0.08088235294117652,-0.3161764705882353,0.42647058823529416,False,False,0.9852941176470589
Length-adjusted,3. positives vs gold negatives (adj.),contact_prob_sum,17,8,0.6323529411764706,0.40441176470588236,0.8602941176470589,0.3137686231376862,0.7384404416701187,0.6397058823529411,-0.007352941176470562,-0.22058823529411775,0.21323529411764708,False,False,0.9852941176470589
Length-adjusted,3. positives vs gold negatives (adj.),contact_prob_density,17,8,0.6323529411764706,0.39705882352941174,0.8529411764705882,0.32126787321267875,0.7384404416701187,0.6397058823529411,-0.007352941176470562,-0.23529411764705888,0.20588235294117652,False,False,0.9852941176470589
Length-adjusted,3. positives vs gold negatives (adj.),contact_prob_max,17,8,0.5514705882352942,0.3235294117647059,0.7794117647058824,0.6899310068993101,0.8135186481351865,0.6397058823529411,-0.08823529411764697,-0.34558823529411764,0.14705882352941174,False,False,0.9852941176470589
Length-adjusted,3. positives vs gold negatives (adj.),n_contacts_p50,17,8,0.5514705882352942,0.2867647058823529,0.8014705882352942,0.6901309869013099,0.8135186481351865,0.6397058823529411,-0.08823529411764697,-0.411764705882353,0.20588235294117652,False,False,0.9852941176470589
Length-adjusted,3. positives vs gold negatives (adj.),contact_participation_ratio,17,8,0.5588235294117647,0.3161764705882353,0.8235294117647058,0.6599340065993401,0.8135186481351865,0.6397058823529411,-0.0808823529411764,-0.4044117647058823,0.2279411764705882,False,False,0.9852941176470589
Length-adjusted,3. positives vs gold negatives (adj.),plddt_mean,17,8,0.4411764705882353,0.16911764705882354,0.7279411764705882,0.6707329267073293,0.8135186481351865,0.6397058823529411,-0.19852941176470584,-0.5514705882352942,0.16911764705882348,False,False,0.9852941176470589
Length-adjusted,Homotypic only (adj.),iptm,12,11,0.7348484848484849,0.5,0.9242424242424242,0.059494050594940506,0.09519048095190481,0.9015151515151515,-0.16666666666666663,-0.38636363636363635,0.037878787878787845,False,False,0.7954545454545454
Length-adjusted,Homotypic only (adj.),chain_pair_iptm,12,11,0.7348484848484849,0.5,0.9242424242424242,0.059494050594940506,0.09519048095190481,0.9015151515151515,-0.16666666666666663,-0.38636363636363635,0.037878787878787845,False,False,0.7954545454545454
Length-adjusted,Homotypic only (adj.),ranking_score,12,11,0.7651515151515151,0.5454545454545454,0.946969696969697,0.031096890310968902,0.062193780621937804,0.9015151515151515,-0.13636363636363635,-0.3787878787878788,0.0984848484848484,False,False,0.7954545454545454
Length-adjusted,Homotypic only (adj.),ptm,12,11,0.5454545454545454,0.2878787878787879,0.7803030303030303,0.7368263173682632,0.8302169783021698,0.9015151515151515,-0.3560606060606061,-0.5984848484848485,-0.13636363636363635,False,False,0.7954545454545454
Length-adjusted,Homotypic only (adj.),fraction_disordered,12,11,0.4696969696969697,0.2196969696969697,0.7121212121212122,0.8302169783021698,0.8302169783021698,0.9015151515151515,-0.43181818181818177,-0.6818181818181818,-0.18939393939393945,False,False,0.7954545454545454
Length-adjusted,Homotypic only (adj.),chain_pair_pae_min,12,11,0.9621212121212122,0.8712121212121212,1.0,0.00019998000199980003,0.0023997600239976003,0.9015151515151515,0.06060606060606066,-0.037878787878787845,0.19696969696969702,False,False,0.7954545454545454
Length-adjusted,Homotypic only (adj.),pae_inter_mean,12,11,0.696969696969697,0.4621212121212121,0.9015151515151515,0.11258874112588742,0.1637654416376544,0.9015151515151515,-0.20454545454545447,-0.4318181818181819,0.0,False,False,0.7954545454545454
Length-adjusted,Homotypic only (adj.),pae_inter_p05,12,11,0.9090909090909091,0.7727272727272727,1.0,0.0006999300069993001,0.0027997200279972004,0.9015151515151515,0.007575757575757569,-0.12878787878787878,0.14393939393939392,False,False,0.7954545454545454
Length-adjusted,Homotypic only (adj.),pae_inter_frac_lt10,12,11,0.6439393939393939,0.3939393939393939,0.8712121212121212,0.255974402559744,0.341299203412992,0.9015151515151515,-0.25757575757575757,-0.5151515151515151,-0.007575757575757569,False,False,0.7954545454545454
Length-adjusted,Homotypic only (adj.),pae_inter_frac_lt5,12,11,0.7954545454545454,0.5757575757575758,0.9621212121212122,0.0150984901509849,0.03451083463082263,0.9015151515151515,-0.10606060606060608,-0.33333333333333337,0.12121212121212122,False,False,0.7954545454545454
Length-adjusted,Homotypic only (adj.),contact_prob_sum,12,11,0.9318181818181818,0.803030303030303,1.0,0.00029997000299970003,0.0023997600239976003,0.9015151515151515,0.030303030303030276,-0.12121212121212122,0.1969696969696969,False,False,0.7954545454545454
Length-adjusted,Homotypic only (adj.),contact_prob_density,12,11,0.8787878787878788,0.7045454545454546,1.0,0.0011998800119988001,0.0038396160383961605,0.9015151515151515,-0.022727272727272707,-0.2272727272727273,0.15909090909090917,False,False,0.7954545454545454
Length-adjusted,Homotypic only (adj.),contact_prob_max,12,11,0.9166666666666666,0.7803030303030303,1.0,0.0004999500049995,0.002666400026664,0.9015151515151515,0.015151515151515138,-0.10606060606060608,0.1515151515151515,False,False,0.7954545454545454
Length-adjusted,Homotypic only (adj.),n_contacts_p50,12,11,0.8484848484848485,0.6666666666666666,0.9848484848484849,0.0035996400359964,0.009599040095990401,0.9015151515151515,-0.05303030303030298,-0.2196969696969696,0.10606060606060608,False,False,0.7954545454545454
Length-adjusted,Homotypic only (adj.),contact_participation_ratio,12,11,0.4696969696969697,0.22727272727272727,0.7121212121212122,0.8301169883011699,0.8302169783021698,0.9015151515151515,-0.43181818181818177,-0.7272727272727273,-0.12121212121212122,False,False,0.7954545454545454
Length-adjusted,Homotypic only (adj.),plddt_mean,12,11,0.6136363636363636,0.36363636363636365,0.8333333333333334,0.3735626437356264,0.45976940767461716,0.9015151515151515,-0.28787878787878785,-0.553030303030303,-0.037878787878787845,False,False,0.7954545454545454
Length-adjusted,Heterotypic only (adj.),iptm,5,20,0.39,0.14,0.66,0.49525047495250474,0.9013765290137653,0.5,-0.10999999999999999,-0.45,0.21000000000000002,False,False,0.53
Length-adjusted,Heterotypic only (adj.),chain_pair_iptm,5,20,0.39,0.14,0.66,0.49525047495250474,0.9013765290137653,0.5,-0.10999999999999999,-0.45,0.21000000000000002,False,False,0.53
Length-adjusted,Heterotypic only (adj.),ranking_score,5,20,0.38,0.16,0.63,0.45455454454554545,0.9013765290137653,0.5,-0.12,-0.45000000000000007,0.22999999999999998,False,False,0.53
Length-adjusted,Heterotypic only (adj.),ptm,5,20,0.57,0.33,0.8,0.676032396760324,0.9013765290137653,0.5,0.06999999999999995,-0.20999999999999996,0.3400000000000001,False,False,0.53
Length-adjusted,Heterotypic only (adj.),fraction_disordered,5,20,0.57,0.27,0.85,0.6746325367463254,0.9013765290137653,0.5,0.06999999999999995,-0.26,0.41000000000000003,False,False,0.53
Length-adjusted,Heterotypic only (adj.),chain_pair_pae_min,5,20,0.46,0.2,0.73,0.8237176282371763,0.9193080691930807,0.5,-0.03999999999999998,-0.37,0.31000000000000005,False,False,0.53
Length-adjusted,Heterotypic only (adj.),pae_inter_mean,5,20,0.39,0.14,0.66,0.49345065493450657,0.9013765290137653,0.5,-0.10999999999999999,-0.45,0.21000000000000002,False,False,0.53
Length-adjusted,Heterotypic only (adj.),pae_inter_p05,5,20,0.54,0.28,0.8,0.7964203579642036,0.9193080691930807,0.5,0.040000000000000036,-0.29,0.35000000000000003,False,False,0.53
Length-adjusted,Heterotypic only (adj.),pae_inter_frac_lt10,5,20,0.38,0.13,0.66,0.45035496450354967,0.9013765290137653,0.5,-0.12,-0.45999999999999996,0.20000000000000007,False,False,0.53
Length-adjusted,Heterotypic only (adj.),pae_inter_frac_lt5,5,20,0.42,0.16,0.7,0.5998400159984002,0.9013765290137653,0.5,-0.08000000000000002,-0.43000000000000005,0.26,False,False,0.53
Length-adjusted,Heterotypic only (adj.),contact_prob_sum,5,20,0.4,0.16,0.67,0.5321467853214679,0.9013765290137653,0.5,-0.09999999999999998,-0.41000000000000003,0.2,False,False,0.53
Length-adjusted,Heterotypic only (adj.),contact_prob_density,5,20,0.38,0.1,0.7,0.45235476452354767,0.9013765290137653,0.5,-0.12,-0.49,0.25,False,False,0.53
Length-adjusted,Heterotypic only (adj.),contact_prob_max,5,20,0.38,0.14,0.64,0.45045495450454953,0.9013765290137653,0.5,-0.12,-0.45,0.18999999999999997,False,False,0.53
Length-adjusted,Heterotypic only (adj.),n_contacts_p50,5,20,0.38,0.13,0.66,0.4507549245075492,0.9013765290137653,0.5,-0.12,-0.45999999999999996,0.20000000000000007,False,False,0.53
Length-adjusted,Heterotypic only (adj.),contact_participation_ratio,5,20,0.52,0.27,0.76,0.9193080691930807,0.9193080691930807,0.5,0.020000000000000018,-0.26,0.3,False,False,0.53
Length-adjusted,Heterotypic only (adj.),plddt_mean,5,20,0.53,0.25,0.8,0.8735126487351265,0.9193080691930807,0.5,0.030000000000000027,-0.31,0.36999999999999994,False,False,0.53
Pre-registered,1. positives vs real negatives,ipsae,17,31,0.6299810246679317,0.4819734345351044,0.7798861480075902,0.09369063093690631,0.23757624237576241,0.7666034155597723,-0.13662239089184058,-0.28462998102466797,0.015180265654649028,False,False,0.6755218216318786
Pre-registered,1. positives vs real negatives,lis,17,31,0.6299810246679317,0.47343453510436434,0.7836812144212524,0.1055894410558944,0.23757624237576241,0.7666034155597723,-0.13662239089184058,-0.28083491461100574,0.007590132827324458,False,False,0.6755218216318786
Pre-registered,2a. mutual folding vs hard coiled-coil,ipsae,4,3,0.5833333333333334,0.0,1.0,0.7375262473752625,1.0,0.25,0.33333333333333337,-0.5,1.0,False,False,0.4166666666666667
Pre-registered,2a. mutual folding vs hard coiled-coil,lis,4,3,0.75,0.3333333333333333,1.0,0.40055994400559947,1.0,0.25,0.5,0.0,1.0,False,False,0.4166666666666667
Pre-registered,2b. fuzzy positives vs real negatives,ipsae,17,28,0.6974789915966386,0.5493697478991597,0.842436974789916,0.0082991700829917,0.02987701229877012,0.7836134453781513,-0.08613445378151263,-0.22689075630252098,0.05672268907563027,False,False,0.6407563025210085
Pre-registered,2b. fuzzy positives vs real negatives,lis,17,28,0.6974789915966386,0.5451680672268907,0.8476890756302521,0.012598740125987402,0.032396760323967606,0.7836134453781513,-0.08613445378151263,-0.2226890756302521,0.048319327731092376,False,False,0.6407563025210085
Pre-registered,3. positives vs gold negatives,ipsae,17,8,0.27205882352941174,0.04411764705882353,0.5477941176470589,0.0634936506349365,0.08292027940063137,0.6397058823529411,-0.3676470588235294,-0.6397058823529412,-0.08823529411764708,False,False,0.9852941176470589
Pre-registered,3. positives vs gold negatives,lis,17,8,0.22794117647058823,0.04411764705882353,0.4852941176470588,0.028997100289971003,0.05799420057994201,0.6397058823529411,-0.4117647058823529,-0.6544117647058824,-0.16911764705882354,False,False,0.9852941176470589
Pre-registered,4. positives vs scrambles,ipsae,17,8,0.6544117647058824,0.41911764705882354,0.8529411764705882,0.20757924207579243,0.46705329467053297,,,,,,False,0.6838235294117647
Pre-registered,4. positives vs scrambles,lis,17,8,0.6764705882352942,0.4338235294117647,0.8823529411764706,0.14658534146585342,0.43975602439756023,,,,,,False,0.6838235294117647
By pair type,Homotypic only,ipsae,12,11,0.7045454545454546,0.4621212121212121,0.9166666666666666,0.0888911108889111,0.22857714228577142,0.9015151515151515,-0.1969696969696969,-0.4469696969696969,0.030303030303030387,False,False,0.7954545454545454
By pair type,Homotypic only,lis,12,11,0.678030303030303,0.42045454545454547,0.9090909090909091,0.1546845315468453,0.3093690630936906,0.9015151515151515,-0.2234848484848485,-0.481060606060606,0.015151515151515138,False,False,0.7954545454545454
By pair type,Heterotypic only,ipsae,5,20,0.375,0.275,0.475,0.4510548945105489,0.9942417522953586,0.5,-0.125,-0.34,0.09499999999999997,False,False,0.53
By pair type,Heterotypic only,lis,5,20,0.375,0.275,0.475,0.45185481451854814,0.9942417522953586,0.5,-0.125,-0.34,0.09499999999999997,False,False,0.53
By negative type,vs noncognate,ipsae,17,10,0.7470588235294118,0.5823529411764706,0.888235294117647,0.0187981201879812,0.028197180281971806,0.7529411764705882,-0.00588235294117645,-0.20294117647058818,0.19999999999999996,False,False,0.5470588235294118
By negative type,vs noncognate,lis,17,10,0.7764705882352941,0.6176470588235294,0.9117647058823529,0.008599140085991401,0.022369191652263344,0.7529411764705882,0.02352941176470591,-0.16470588235294115,0.22352941176470587,False,False,0.5470588235294118
By negative type,vs cross_kingdom,ipsae,17,5,0.7941176470588235,0.6764705882352942,0.9117647058823529,0.05169483051694831,0.07754224577542246,0.8941176470588236,-0.10000000000000009,-0.23529411764705876,0.03529411764705881,False,False,0.4117647058823529
By negative type,vs cross_kingdom,lis,17,5,0.8235294117647058,0.7058823529411765,0.9411764705882353,0.031596840315968405,0.05687431256874313,0.8941176470588236,-0.07058823529411773,-0.1941176470588235,0.05882352941176472,False,False,0.4117647058823529
By negative type,vs charge_repulsive,ipsae,17,2,0.7941176470588235,0.6764705882352942,0.9117647058823529,,,0.8529411764705882,-0.05882352941176472,-0.20588235294117652,0.08823529411764708,False,True,0.9411764705882353
By negative type,vs charge_repulsive,lis,17,2,0.8235294117647058,0.7058823529411765,0.9411764705882353,,,0.8529411764705882,-0.02941176470588236,-0.17647058823529416,0.11764705882352933,False,True,0.9411764705882353
By negative type,vs hard_coiledcoil,ipsae,17,3,0.0,0.0,0.0,0.000999900009999,0.003149685031496851,0.6078431372549019,-0.6078431372549019,-0.8823529411764706,-0.29411764705882354,False,False,1.0
By negative type,vs hard_coiledcoil,lis,17,3,0.0,0.0,0.0,0.000999900009999,0.003149685031496851,0.6078431372549019,-0.6078431372549019,-0.8823529411764706,-0.29411764705882354,False,False,1.0
By negative type,vs homo_negative,ipsae,17,11,0.5909090909090909,0.3716577540106952,0.7941176470588235,0.39986001399860016,0.7997200279972003,0.7486631016042781,-0.15775401069518713,-0.35026737967914445,0.0267379679144385,False,False,0.7754010695187166
By negative type,vs homo_negative,lis,17,11,0.5454545454545454,0.3155080213903743,0.7727272727272727,0.7065293470652935,0.8705504449555044,0.7486631016042781,-0.20320855614973266,-0.4037433155080214,-0.021390374331550777,False,False,0.7754010695187166
By negative type,vs scramble,ipsae,17,8,0.6544117647058824,0.41911764705882354,0.8529411764705882,0.20757924207579243,0.46705329467053297,,,,,,False,0.6838235294117647
By negative type,vs scramble,lis,17,8,0.6764705882352942,0.4338235294117647,0.8823529411764706,0.14658534146585342,0.43975602439756023,,,,,,False,0.6838235294117647
By negative evidence,vs demonstrated,ipsae,17,5,0.3176470588235294,0.0,0.6823529411764706,0.23257674232576742,0.2790920907909209,0.6705882352941176,-0.3529411764705882,-0.6941176470588235,-0.005882352941176505,False,False,0.9764705882352941
By negative evidence,vs demonstrated,lis,17,5,0.24705882352941178,0.0,0.5647058823529412,0.09069093090690931,0.1610020816100208,0.6705882352941176,-0.4235294117647058,-0.7176470588235294,-0.12941176470588234,False,False,0.9764705882352941
By negative evidence,vs demonstrated+matched_internal,ipsae,17,3,0.19607843137254902,0.0,0.5490196078431373,0.10918908109189081,0.2130986901309869,0.5882352941176471,-0.3921568627450981,-0.7058823529411765,-0.07843137254901955,False,False,1.0
By negative evidence,vs demonstrated+matched_internal,lis,17,3,0.19607843137254902,0.0,0.5490196078431373,0.11838816118388161,0.2130986901309869,0.5882352941176471,-0.3921568627450981,-0.7058823529411765,-0.07843137254901955,False,False,1.0
By negative evidence,vs gold (both demonstrated grades),ipsae,17,8,0.27205882352941174,0.04411764705882353,0.5477941176470589,0.0634936506349365,0.08292027940063137,0.6397058823529411,-0.3676470588235294,-0.6397058823529412,-0.08823529411764708,False,False,0.9852941176470589
By negative evidence,vs gold (both demonstrated grades),lis,17,8,0.22794117647058823,0.04411764705882353,0.4852941176470588,0.028997100289971003,0.05799420057994201,0.6397058823529411,-0.4117647058823529,-0.6544117647058824,-0.16911764705882354,False,False,0.9852941176470589
By negative evidence,vs inferred,ipsae,17,11,0.7540106951871658,0.6042780748663101,0.8823529411764706,0.012098790120987902,0.024397560243975602,0.8716577540106952,-0.11764705882352944,-0.2459893048128342,0.005347593582887611,False,False,0.6470588235294118
By negative evidence,vs inferred,lis,17,11,0.7540106951871658,0.5775401069518716,0.9117647058823529,0.012198780121987801,0.024397560243975602,0.8716577540106952,-0.11764705882352944,-0.25668449197860965,0.005347593582887722,False,False,0.6470588235294118
By negative evidence,vs absence_only,ipsae,17,10,0.7470588235294118,0.5823529411764706,0.888235294117647,0.0187981201879812,0.028197180281971806,0.7529411764705882,-0.00588235294117645,-0.20294117647058818,0.19999999999999996,False,False,0.5470588235294118
By negative evidence,vs absence_only,lis,17,10,0.7764705882352941,0.6176470588235294,0.9117647058823529,0.008599140085991401,0.022369191652263344,0.7529411764705882,0.02352941176470591,-0.16470588235294115,0.22352941176470587,False,False,0.5470588235294118
By negative evidence,vs uncertain,ipsae,17,2,0.7941176470588235,0.6764705882352942,0.9117647058823529,,,0.7647058823529411,0.02941176470588236,-0.1470588235294117,0.23529411764705876,False,True,0.23529411764705882
By negative evidence,vs uncertain,lis,17,2,0.8235294117647058,0.7058823529411765,0.9411764705882353,,,0.7647058823529411,0.05882352941176472,-0.11764705882352933,0.23529411764705876,False,True,0.23529411764705882
By negative evidence,vs weak (inferred + absence_only),ipsae,17,21,0.7507002801120448,0.6078431372549019,0.8823529411764706,0.0010998900109989002,0.0026997300269973002,0.8151260504201681,-0.06442577030812324,-0.20868347338935567,0.0756302521008404,False,False,0.5994397759103641
By negative evidence,vs weak (inferred + absence_only),lis,17,21,0.7647058823529411,0.6218487394957983,0.8991596638655462,0.0008999100089991,0.0026997300269973002,0.8151260504201681,-0.050420168067226934,-0.1876750700280112,0.08403361344537819,False,False,0.5994397759103641
By positive subgroup,Fuzzy heterotypic positives,ipsae,5,31,0.3548387096774194,0.27419354838709675,0.43548387096774194,0.3057694230576942,0.6173382661733826,0.45161290322580644,-0.09677419354838707,-0.33870967741935487,0.12580645161290324,False,False,0.6
By positive subgroup,Fuzzy heterotypic positives,lis,5,31,0.3225806451612903,0.24193548387096775,0.4032258064516129,0.22057794220577942,0.6173382661733826,0.45161290322580644,-0.12903225806451613,-0.37419354838709673,0.09354838709677418,False,False,0.6
By positive subgroup,Fuzzy homotypic positives,ipsae,12,31,0.7446236559139785,0.5860215053763441,0.8938172043010753,0.0057994200579942,0.01304869513048695,0.8978494623655914,-0.15322580645161288,-0.3306451612903225,0.028225806451612878,False,False,0.706989247311828
By positive subgroup,Fuzzy homotypic positives,lis,12,31,0.7580645161290323,0.603494623655914,0.9032258064516129,0.004399560043995601,0.011313154398845832,0.8978494623655914,-0.13978494623655913,-0.3091397849462366,0.029569892473118253,False,False,0.706989247311828
By positive subgroup,Mutual-folding (memorised) positives,ipsae,4,31,0.9596774193548387,0.8790322580645161,1.0,0.00019998000199980003,0.0008999100089991,0.41935483870967744,0.5403225806451613,0.3548387096774194,0.717741935483871,True,False,0.12903225806451613
By positive subgroup,Mutual-folding (memorised) positives,lis,4,31,0.9758064516129032,0.9032258064516129,1.0,0.00019998000199980003,0.0008999100089991,0.41935483870967744,0.5564516129032258,0.3709677419354839,0.7338709677419355,True,False,0.12903225806451613
By positive subgroup,All 21 positives incl. memorised,ipsae,21,31,0.6927803379416283,0.5499231950844854,0.8248847926267281,0.010198980101989802,0.0332966703329667,0.7004608294930875,-0.007680491551459223,-0.17972350230414746,0.17588325652841785,False,False,0.5714285714285714
By positive subgroup,All 21 positives incl. memorised,lis,21,31,0.695852534562212,0.5506912442396313,0.8294930875576036,0.0110988901109889,0.0332966703329667,0.7004608294930875,-0.004608294930875556,-0.17204301075268824,0.17972350230414746,False,False,0.5714285714285714
By positive subgroup,LLPS-reported positives,ipsae,15,31,0.6344086021505376,0.4806451612903226,0.789247311827957,0.09379062093790622,0.22565243475652436,0.7935483870967742,-0.1591397849462366,-0.3139784946236559,-0.012903225806451646,False,False,0.6903225806451613
By positive subgroup,LLPS-reported positives,lis,15,31,0.6365591397849463,0.4774193548387097,0.7956989247311828,0.10028997100289971,0.22565243475652436,0.7935483870967742,-0.15698924731182795,-0.3032258064516129,-0.012903225806451646,False,False,0.6903225806451613
By positive subgroup,Positives without LLPS report,ipsae,2,31,0.5967741935483871,0.3064516129032258,0.9354838709677419,,,0.5645161290322581,0.032258064516129004,-0.2903225806451613,0.3870967741935484,False,True,0.5645161290322581
By positive subgroup,Positives without LLPS report,lis,2,31,0.5806451612903226,0.27419354838709675,0.9354838709677419,,,0.5645161290322581,0.016129032258064502,-0.3225806451612903,0.3870967741935484,False,True,0.5645161290322581
Length-adjusted,1. positives vs real negatives (adj.),ipsae,17,31,0.6337760910815939,0.4686907020872865,0.7874762808349146,0.1357864213578642,0.2221959622219596,0.7666034155597723,-0.13282732447817835,-0.3092979127134725,0.0436432637571158,False,False,0.6755218216318786
Length-adjusted,1. positives vs real negatives (adj.),lis,17,31,0.7210626185958254,0.5616698292220114,0.8633776091081594,0.0103989601039896,0.031196880311968805,0.7666034155597723,-0.04554079696394686,-0.18026565464895639,0.08538899430740043,False,False,0.6755218216318786
Length-adjusted,2b. fuzzy positives vs real negatives (adj.),ipsae,17,28,0.6995798319327731,0.5357142857142857,0.8487394957983193,0.026697330266973303,0.04805519448055194,0.7836134453781513,-0.08403361344537819,-0.26470588235294124,0.08403361344537819,False,False,0.6407563025210085
Length-adjusted,2b. fuzzy positives vs real negatives (adj.),lis,17,28,0.7773109243697479,0.615546218487395,0.9096638655462185,0.0018998100189981002,0.006839316068393162,0.7836134453781513,-0.006302521008403339,-0.12815126050420167,0.11344537815126055,False,False,0.6407563025210085
Length-adjusted,3. positives vs gold negatives (adj.),ipsae,17,8,0.5955882352941176,0.25735294117647056,0.875,0.46625337466253375,0.8008074192580742,0.6397058823529411,-0.044117647058823484,-0.4191176470588236,0.3014705882352941,False,False,0.9852941176470589
Length-adjusted,3. positives vs gold negatives (adj.),lis,17,8,0.5661764705882353,0.29411764705882354,0.8235294117647058,0.6193380661933806,0.8008074192580742,0.6397058823529411,-0.07352941176470584,-0.3897058823529411,0.2058823529411764,False,False,0.9852941176470589
Length-adjusted,Homotypic only (adj.),ipsae,12,11,0.8257575757575758,0.6212121212121212,0.9772727272727273,0.0058994100589941,0.013273672632736726,0.9015151515151515,-0.07575757575757569,-0.28787878787878796,0.12878787878787878,False,False,0.7954545454545454
Length-adjusted,Homotypic only (adj.),lis,12,11,0.8484848484848485,0.6590909090909091,0.9772727272727273,0.004299570042995701,0.011056037253417516,0.9015151515151515,-0.05303030303030298,-0.23484848484848486,0.11363636363636365,False,False,0.7954545454545454
Length-adjusted,Heterotypic only (adj.),ipsae,5,20,0.36,0.11,0.64,0.37296270372962703,0.8691845101204166,0.5,-0.14,-0.48,0.18999999999999995,False,False,0.53
Length-adjusted,Heterotypic only (adj.),lis,5,20,0.36,0.11,0.64,0.37136286371362864,0.8691845101204166,0.5,-0.14,-0.48,0.18999999999999995,False,False,0.53
